book_title,publication_date,author,genres,num_pages,rank,language,curr_readers,want_read,avg_rating,num_ratings
"Sunrise on the Reaping (The Hunger Games, #0.5)",2025-03-18,Suzanne Collins,"Dystopia, Young Adult, Fantasy, Fiction, Audiobook, Science Fiction, Book Club",387,1,,71857,607177,4.5,1131555
"Onyx Storm (The Empyrean, #3)",2025-01-21,Rebecca Yarros,"Fantasy, Romantasy, Romance, Audiobook, Dragons, Fiction, Fantasy Romance",544,2,,211783,693630,4.21,1741280
Atmosphere,2025-06-03,Taylor Jenkins Reid,"Historical Fiction, Fiction, Romance, Audiobook, Book Club, LGBT, Historical",337,3,English,63050,816568,4.33,766849
My Friends,2025-05-06,Fredrik Backman,"Fiction, Book Club, Audiobook, Contemporary, Literary Fiction, Coming Of Age, Friendship",436,4,English,63867,711684,4.36,428065
Wild Dark Shore,2025-03-04,Charlotte McConaghy,"Fiction, Mystery, Book Club, Audiobook, Thriller, Mystery Thriller, Literary Fiction",298,5,English,44288,653895,4.1,404074
Deep End,2025-02-04,Ali Hazelwood,"Romance, Sports Romance, Audiobook, Contemporary, Sports, Contemporary Romance, Fiction",464,6,English,21139,429424,3.85,469971
Great Big Beautiful Life,2025-04-22,Emily Henry,"Romance, Audiobook, Fiction, Contemporary, Book Club, Contemporary Romance, Adult",432,7,English,54281,723788,3.96,753029
The Favorites,2025-01-14,Layne Fargo,"Romance, Fiction, Audiobook, Contemporary, Book Club, Sports, Sports Romance",437,8,,15419,331066,4.04,239620
"Rebel Witch (The Crimson Moth, #2)",2025-02-18,Kristen Ciccarelli,"Fantasy, Romantasy, Romance, Audiobook, Young Adult, Enemies To Lovers, Witches",458,9,English,12165,224631,4.19,263046
Everything Is Tuberculosis: The History and Persistence of Our Deadliest Infection,2025-03-18,John Green,"Nonfiction, Audiobook, History, Science, Health, Book Club, Medicine",198,10,,20191,343662,4.34,229643
Broken Country,2025-03-04,Clare Leslie Hall,"Fiction, Historical Fiction, Book Club, Audiobook, Romance, Mystery, Thriller",319,11,English,39632,559386,4.29,541234
The Names,2025-05-06,Florence Knapp,"Fiction, Book Club, Audiobook, Historical Fiction, Literary Fiction, Contemporary, Family",328,12,English,23686,384601,4.14,212288
"Beg, Borrow, or Steal (When in Rome, #3)",2025-01-07,Sarah Adams,"Romance, Audiobook, Enemies To Lovers, Contemporary, Contemporary Romance, Fiction, Rom Com",400,13,,4762,222754,,137331
The House of My Mother: A Daughter's Quest for Freedom,2025-01-07,Shari Franke,"Nonfiction, Memoir, Audiobook, Biography, True Crime, Religion, Biography Memoir",320,14,,8602,168079,4.29,195060
Katabasis,2025-08-26,R.F. Kuang,"Fantasy, Dark Academia, Fiction, Romance, Audiobook, Historical Fiction, Mythology",559,15,English,29227,454985,3.76,142787
"First-Time Caller (Heartstrings, #1)",2025-02-11,B.K. Borison,"Romance, Audiobook, Contemporary, Contemporary Romance, Fiction, Adult, Book Club",448,16,English,15868,308087,3.94,256977
Alchemised,2025-09-23,SenLinYu,"Fantasy, Romance, Romantasy, Dark Romance, Audiobook, Fiction, Dark",1030,17,English,83754,672915,4.36,238072
"Say You'll Remember Me (Say You'll Remember Me, #1)",2025-04-01,Abby Jimenez,"Romance, Audiobook, Fiction, Contemporary, Contemporary Romance, Book Club, Adult",416,18,English,28552,441394,4.01,541824
"Rewind It Back (Windy City, #5)",,Liz Tomforde,"Romance, Sports Romance, Second Chance, Sports, Friends To Lovers, Hockey, Contemporary Romance",404,19,English,17172,201860,4.45,255497
"Emily Wilde's Compendium of Lost Tales (Emily Wilde, #3)",2025-02-11,Heather Fawcett,"Fantasy, Romance, Fiction, Audiobook, Historical Fiction, Fae, Romantasy",368,20,,4535,119369,4.08,58238
Witchcraft for Wayward Girls,2025-01-14,Grady Hendrix,"Horror, Fantasy, Fiction, Historical Fiction, Audiobook, Witches, Thriller",482,21,English,9840,287167,3.9,129232
"Fearless (The Powerless Trilogy, #3)",2025-04-08,Lauren Roberts,"Fantasy, Romantasy, Romance, Young Adult, Audiobook, Fiction, Enemies To Lovers",593,22,English,36479,312015,4.05,402985
The Crash,2025-01-28,Freida McFadden,"Thriller, Audiobook, Mystery, Fiction, Mystery Thriller, Suspense, Psychological Thriller",384,23,English,44419,394892,3.69,593911
"Problematic Summer Romance (Not in Love, #2)",2025-05-27,Ali Hazelwood,"Romance, Audiobook, Contemporary, Contemporary Romance, Fiction, Summer, Adult",416,24,,12214,215309,3.82,289617
The Fall Risk (Valentine's Day #2),2025-03-01,Abby Jimenez,"Romance, Novella, Short Stories, Audiobook, Fiction, Contemporary, Contemporary Romance",81,25,English,20669,122152,4.06,195651
The Tenant,2025-05-06,Freida McFadden,"Thriller, Audiobook, Mystery, Fiction, Mystery Thriller, Suspense, Book Club",368,26,English,59748,372137,3.83,618002
The Road to Tender Hearts,2025-04-29,Annie Hartnett,"Fiction, Audiobook, Book Club, Contemporary, Humor, Romance, Literary Fiction",384,27,English,,149005,4.34,63247
I Am Not Jessica Chen,2025-01-28,Ann Liang,"Romance, Young Adult, Contemporary, Fantasy, Fiction, Magical Realism, Audiobook",320,28,English,1050,70673,4.03,20303
The Correspondent,2025-04-29,Virginia Evans,"Fiction, Book Club, Audiobook, Literary Fiction, Contemporary, Family, Adult Fiction",304,29,English,59290,562853,4.52,402587
Flesh,2025-03-06,David Szalay,"Fiction, Literary Fiction, Contemporary, Audiobook, Book Club, Novels, Hungary",368,30,English,7675,119995,3.74,57064
One Golden Summer,2025-05-06,Carley Fortune,"Romance, Summer, Audiobook, Fiction, Summer Reads, Book Club, Contemporary",401,31,English,26114,440340,4.28,455619
Tilt,2025-03-25,Emma Pattee,"Fiction, Audiobook, Contemporary, Thriller, Literary Fiction, Book Club, Mystery",229,31,English,1855,97867,3.56,36037
"Scythe & Sparrow (The Ruinous Love Trilogy, #3)",2025-02-11,Brynne Weaver,"Dark Romance, Romance, Audiobook, Dark, Contemporary, Spicy, Fiction",416,33,English,8942,277125,4.08,203579
"The Knight and the Moth (The Stonewater Kingdom, #1)",2025-05-20,Rachel Gillig,"Fantasy, Romantasy, Romance, Gothic, Audiobook, Fantasy Romance, Fiction",385,34,English,17071,464766,4.24,205992
Raising Hare: A Memoir,2025-03-04,Chloe Dalton,"Nonfiction, Memoir, Nature, Animals, Audiobook, Book Club, Biography",285,35,English,4239,64650,4.33,29515
Bury Our Bones in the Midnight Soil,2025-06-10,V.E. Schwab,"Fantasy, Horror, Vampires, Fiction, Historical Fiction, Audiobook, LGBT",535,36,,20702,481385,3.93,176187
Good Dirt,2025-01-28,Charmaine Wilkerson,"Historical Fiction, Fiction, Audiobook, Book Club, Literary Fiction, Mystery, Contemporary",368,37,,3869,162532,3.98,62803
The River Has Roots,2025-03-04,Amal El-Mohtar,"Fantasy, Fiction, Novella, Romance, Audiobook, Queer, LGBT",133,38,English,1820,105443,3.96,41399
"A Drop of Corruption (Shadow of the Leviathan, #2)",2025-04-01,Robert Jackson Bennett,"Fantasy, Mystery, Fiction, Audiobook, Mystery Thriller, Adult, Thriller",461,38,,2789,65920,4.48,40811
The Buffalo Hunter Hunter,2025-03-18,Stephen Graham Jones,"Horror, Historical Fiction, Fiction, Vampires, Audiobook, Fantasy, Historical",448,40,,10180,192051,3.98,48945
Beautiful Ugly,2025-01-14,Alice Feeney,"Thriller, Mystery, Audiobook, Fiction, Mystery Thriller, Book Club, Suspense",306,41,English,30957,400735,3.61,358793
The Hounding,2025-08-05,Xenobe Purvis,"Historical Fiction, Horror, Fiction, Fantasy, Historical, Audiobook, Mystery",240,42,English,1621,86644,3.66,18653
"The Inheritance (Breach Wars, #1)",2025-08-10,Ilona Andrews,"Fantasy, Urban Fantasy, Science Fiction, Magic, Paranormal, Aliens, Audiobook",280,43,English,904,5812,4.64,9344
When the Moon Hits Your Eye,2025-03-25,John Scalzi,"Science Fiction, Fiction, Humor, Fantasy, Audiobook, Speculative Fiction, Science Fiction Fantasy",326,44,,1919,47968,3.78,18619
"Silver Elite (Silver Elite, #1)",2025-05-06,Dani Francis,"Fantasy, Romantasy, Dystopia, Romance, Audiobook, Enemies To Lovers, Science Fiction",516,45,English,9273,263783,4.1,142011
"King of Envy (Kings of Sin, #5)",2025-04-29,Ana Huang,"Romance, Dark Romance, Contemporary Romance, Contemporary, Billionaire Romance, Spicy, Forced Proximity",530,46,,19318,211885,4.06,147521
"Enchantra (Wicked Games, #2)",2025-04-08,Kaylie Smith,"Fantasy, Romantasy, Romance, Dark Romance, Paranormal, Fantasy Romance, Gothic",448,46,,14672,187954,4.3,136384
Too Old for This,2025-08-12,Samantha Downing,"Thriller, Mystery, Audiobook, Mystery Thriller, Fiction, Crime, Suspense",385,48,English,2301,119789,3.8,43254
Penitence,2025-01-28,Kristin Koval,"Fiction, Mystery, Mystery Thriller, Thriller, Audiobook, Literary Fiction, Contemporary",320,49,English,900,65032,3.67,20800
We All Live Here,2025-02-11,Jojo Moyes,"Fiction, Audiobook, Romance, Contemporary, Family, Book Club, Chick Lit",450,50,English,9747,206331,3.88,110701
Not Quite Dead Yet,2025-07-17,Holly Jackson,"Mystery, Thriller, Mystery Thriller, Fiction, Audiobook, Crime, Book Club",392,51,English,13440,428869,4.01,172820
"The Strength of the Few (Hierarchy, #2)",2025-11-11,James Islington,"Fantasy, Fiction, Audiobook, Science Fiction, Epic Fantasy, Adult, High Fantasy",725,52,English,22333,142094,4.35,80543
King Sorrow,2025-10-21,Joe Hill,"Horror, Fantasy, Fiction, Audiobook, Thriller, Dragons, Dark Academia",896,53,English,8599,76821,4.39,21645
Audition,2025-04-08,Katie Kitamura,"Fiction, Literary Fiction, Contemporary, Audiobook, Book Club, Novels, Adult",197,54,English,3423,71052,3.29,38368
"Accomplice to the Villain (Assistant to the Villain, #3)",2025-08-05,Hannah Nicole Maehrer,"Fantasy, Romance, Romantasy, Audiobook, Fiction, Magic, Adult",336,55,English,10394,167546,4.09,97729
The River Is Waiting,2025-06-10,Wally Lamb,"Fiction, Audiobook, Book Club, Literary Fiction, Contemporary, Mystery, Adult Fiction",466,55,English,17065,245959,4.3,156671
This Princess Kills Monsters,2025-06-17,Ry Herman,"Fantasy, Romance, Queer, LGBT, Retellings, Fiction, Audiobook",416,57,English,470,52706,,5264
"Releasing 10 (Boys of Tommen, #6)",2025-05-27,Chloe Walsh,"Romance, Sports Romance, Friends To Lovers, Contemporary, Contemporary Romance, Sports, Young Adult",761,57,English,16219,135286,4.54,116513
Death of the Author,2025-01-14,Nnedi Okorafor,"Science Fiction, Fiction, Fantasy, Audiobook, Contemporary, Adult, Book Club",448,59,English,2795,103970,3.97,20816
Till Summer Do Us Part,2025-06-03,Meghan Quinn,"Romance, Summer, Audiobook, Fake Dating, Forced Proximity, Contemporary Romance, Contemporary",432,59,,33829,154058,3.99,170036
Swept Away,2025-04-01,Beth O'Leary,"Romance, Audiobook, Contemporary, Fiction, Contemporary Romance, Chick Lit, Adult",372,61,,2297,47717,3.59,30306
"The Maid's Secret (Molly the Maid, #3)",2025-04-08,Nita Prose,"Mystery, Fiction, Audiobook, Mystery Thriller, Cozy Mystery, Thriller, Contemporary",336,62,,3212,111696,3.87,48425
"The Impossible Fortune (Thursday Murder Club, #5)",2025-09-30,Richard Osman,"Mystery, Fiction, Audiobook, Crime, Mystery Thriller, Cozy Mystery, Thriller",368,62,English,11014,112486,4.29,108487
The Love Haters,2025-05-20,Katherine Center,"Romance, Audiobook, Fiction, Contemporary, Contemporary Romance, Chick Lit, Rom Com",309,64,English,7383,130204,3.8,127475
The Emperor of Gladness,2025-05-13,Ocean Vuong,"Fiction, Contemporary, Literary Fiction, Book Club, Audiobook, LGBT, Queer",402,65,,16450,218470,3.88,67119
"Caught Up (Into Darkness, #2)",2025-06-10,Navessa Allen,"Dark Romance, Romance, Audiobook, Dark, Spicy, Contemporary, Second Chance",352,66,English,18870,230694,3.8,214845
Junie,2025-02-04,Erin Crosby Eckstine,"Historical Fiction, Fiction, Fantasy, Magical Realism, Historical, Audiobook, Horror",368,67,English,2192,149376,4.17,23301
Promise Me Sunshine,2025-03-04,Cara Bastone,"Romance, Audiobook, Contemporary, Contemporary Romance, Friends To Lovers, Fiction, Grief",373,68,English,4226,159995,4.09,82027
"Watch Me (Shatter Me: The New Republic, #1)",2025-04-15,Tahereh Mafi,"Fantasy, Dystopia, Romance, Young Adult, Romantasy, Enemies To Lovers, Audiobook",368,69,English,3419,150035,4.27,62536
"The Wrath of the Fallen (Gods & Monsters, #4)",2025-10-28,Amber V. Nicole,"Fantasy, Romantasy, Romance, Dark Romance, Fantasy Romance, Enemies To Lovers, Dark",673,70,English,8780,119968,4.27,24000
Water Moon,2025-01-14,Samantha Sotto Yambao,"Fantasy, Romance, Fiction, Magical Realism, Audiobook, Mystery, Adult",374,71,English,5579,229317,3.78,51213
"The Rose Bargain (The Rose Bargain, #1)",2025-02-04,Sasha Peyton Smith,"Fantasy, Romance, Romantasy, Young Adult, Fae, Historical Fiction, Audiobook",389,72,English,3949,158204,3.94,53502
The Intruder,2025-10-07,Freida McFadden,"Thriller, Audiobook, Mystery, Mystery Thriller, Fiction, Suspense, Book Club",279,73,English,46060,303872,3.88,376938
Of Flame and Fury,2025-07-15,Mikayla Bridge,"Fantasy, Romantasy, Romance, Young Adult, Young Adult Fantasy, Fiction, Audiobook",416,74,English,238,73818,3.7,2599
Dream Count,2025-03-04,Chimamanda Ngozi Adichie,"Fiction, Africa, Literary Fiction, Contemporary, Book Club, Audiobook, Nigeria",474,75,English,8609,174597,3.78,47581
Here Beside the Rising Tide,2025-01-28,Emily Jane,"Science Fiction, Fantasy, Romance, Fiction, Mystery, Adult, Summer",400,76,English,65,22367,3.46,937
"Wild and Wrangled (Rebel Blue Ranch, #4)",2025-04-15,Lyla Sage,"Romance, Audiobook, Second Chance, Westerns, Cowboy Romance, Contemporary, Contemporary Romance",368,76,English,3905,134637,3.93,119556
"Eldritch (The Eating Woods, #2)",2025-09-09,Keri Lake,"Fantasy, Romantasy, Dark Romance, Gothic, Romance, Dark, Fantasy Romance",766,78,English,,69860,4.16,31517
Proto: How One Ancient Language Went Global,2025-04-24,Laura Spinney,"History, Nonfiction, Language, Linguistics, Science, Audiobook, Anthropology",352,79,English,1204,13001,4.17,3129
Theft,2025-03-18,Abdulrazak Gurnah,"Fiction, Africa, Historical Fiction, Literary Fiction, Tanzania, Contemporary, Audiobook",296,80,English,604,14822,3.93,4344
"Dream Girl Drama (Big Shots, #3)",2025-02-04,Tessa Bailey,"Romance, Sports Romance, Audiobook, Sports, Contemporary, Hockey, Contemporary Romance",320,81,,2706,56197,3.4,60678
Sky Daddy,2025-04-08,Kate Folk,"Fiction, Romance, Audiobook, Contemporary, Literary Fiction, Book Club, Adult",368,82,,1201,49702,3.8,17083
A Curious Kind of Magic,2025-10-21,Mara Rutherford,"Fantasy, Young Adult, Romance, Cozy, Fiction, Cozy Fantasy, Magic",368,83,English,312,43027,3.85,2319
The Man Made of Smoke,2025-05-13,Alex North,"Thriller, Mystery, Mystery Thriller, Horror, Fiction, Audiobook, Suspense",310,84,English,2129,82279,3.74,28191
"The Shattering Peace (Old Man's War, #7)",2025-09-16,John Scalzi,"Science Fiction, Fiction, Audiobook, Space Opera, Aliens, Space, Science Fiction Fantasy",288,85,English,755,14519,4.22,6738
"My Inconvenient Duke (Difficult Dukes, #3)",2025-01-21,Loretta Chase,"Romance, Historical Romance, Historical, Historical Fiction, Fiction, Audiobook, Second Chance",370,86,English,342,2292,3.64,1884
Blood on Her Tongue,2025-03-25,Johanna van Veen,"Horror, Gothic, Historical Fiction, Vampires, Fantasy, Fiction, Historical",368,87,English,1325,106948,3.79,17741
Julie Chan Is Dead,2025-04-29,Liann Zhang,"Thriller, Fiction, Mystery, Audiobook, Mystery Thriller, Horror, Contemporary",320,88,English,2293,134448,3.44,49915
I See You've Called in Dead,2025-04-01,John Kenney,"Fiction, Audiobook, Humor, Contemporary, Book Club, Literary Fiction, Adult Fiction",294,89,English,3254,70506,4.12,30041
More or Less Maddy,2025-01-14,Lisa Genova,"Fiction, Mental Health, Audiobook, Book Club, Contemporary, Family, Adult Fiction",360,90,English,1632,49236,4.18,30125
"Mate (Bride, #2)",2025-10-07,Ali Hazelwood,"Romance, Fantasy, Paranormal, Romantasy, Audiobook, Paranormal Romance, Vampires",450,91,,13955,213610,4.05,250723
"The Floating World (The Floating World, #1)",2025-04-29,Axie Oh,"Fantasy, Young Adult, Romance, Mythology, Romantasy, Young Adult Fantasy, Retellings",360,92,English,1056,94822,3.78,8858
You Weren't Meant to Be Human,2025-09-09,Andrew Joseph White,"Horror, Queer, LGBT, Fiction, Science Fiction, Adult, Fantasy",336,93,English,1433,65086,3.89,10078
"Shield of Sparrows (Shield of Sparrows, #1)",2025-05-06,Devney Perry,"Fantasy, Romantasy, Romance, Audiobook, Enemies To Lovers, Fantasy Romance, Fiction",528,94,English,34245,390805,4.38,291181
"Dire Bound (The Wolves of Ruin, #1)",2025-02-26,Sable Sorensen,"Fantasy, Romantasy, Romance, Fantasy Romance, Enemies To Lovers, Audiobook, Vampires",580,94,English,,217099,4.33,142198
"Out of the Woods (Out, #2)",2025-01-28,Hannah Bonam-Young,"Romance, Contemporary, Contemporary Romance, Audiobook, Fiction, Second Chance, Adult",336,96,English,1815,149804,3.86,46794
Bat Eater and Other Names for Cora Zeng,2025-01-07,Kylie Lee Baker,"Horror, Fiction, Mystery, Thriller, Audiobook, Contemporary, Paranormal",304,97,English,3926,147894,4.09,41552
Hemlock & Silver,2025-08-19,T. Kingfisher,"Fantasy, Horror, Retellings, Audiobook, Fiction, Romance, Adult",362,98,,2406,93809,4.03,31469
The Paris Express,2025-03-18,Emma Donoghue,"Historical Fiction, Fiction, France, Historical, Audiobook, Mystery, Literary Fiction",288,99,English,2604,32629,3.28,12491
Cat's People,2025-04-01,Tanya Guerrero,"Fiction, Cats, Contemporary, Romance, Animals, Cozy, Adult",304,100,English,378,28939,4.16,5293
The Missing Half,2025-05-06,Ashley Flowers,"Mystery, Thriller, Audiobook, Mystery Thriller, Fiction, Book Club, Crime",272,100,,5924,186624,3.8,123935
Good Girl,2025-01-14,Aria Aber,"Fiction, Literary Fiction, Contemporary, Queer, Audiobook, Coming Of Age, LGBT",368,102,English,1196,53345,3.64,9598
Don't Open Your Eyes,2025-06-17,Liv Constantine,"Thriller, Mystery, Audiobook, Mystery Thriller, Fiction, Suspense, Psychological Thriller",337,103,English,941,74475,3.78,21065
Saga #71,2025-01-01,Brian K. Vaughan,"Comics, Graphic Novels, Science Fiction, Fantasy, Graphic Novels Comics, Adult, Comics Manga",31,104,,65,181,4.29,661
A Witch's Guide to Magical Innkeeping,2025-07-15,Sangu Mandanna,"Fantasy, Romance, Cozy, Fiction, Audiobook, Witches, Cozy Fantasy",352,104,English,7123,291477,3.94,99726
Somewhere Toward Freedom: Sherman's March and the Story of America's Largest Emancipation,2025-01-21,Bennett Parten,"History, Nonfiction, Civil War, American History, War, American Civil War, Audiobook",272,106,,102,1184,4.14,539
Saga #72,2025-03-19,Brian K. Vaughan,"Comics, Graphic Novels, Science Fiction, Fantasy, Graphic Novels Comics, Adult, Comics Manga",31,107,English,61,245,4.13,560
"Wild Side (Rose Hill, #3)",2025-03-04,Elsie Silver,"Romance, Enemies To Lovers, Marriage Of Convenience, Contemporary Romance, Small Town Romance, Contemporary, Forced Proximity",401,107,,16810,233291,4.17,244180
The Bright Years,2025-04-22,Sarah Damoff,"Fiction, Historical Fiction, Audiobook, Literary Fiction, Book Club, Contemporary, Family",288,107,English,6461,324037,4.23,96131
"Left of Forever (Spunes, OR, #2)",2025-05-20,Tarah DeWitt,"Romance, Second Chance, Audiobook, Contemporary Romance, Contemporary, Second Chance Romance, Forced Proximity",336,110,,2066,80423,4.11,31194
"Vera Wong's Guide to Snooping [On a Dead Man] (Vera Wong, #2)",2025-04-01,Jesse Q. Sutanto,"Mystery, Audiobook, Fiction, Cozy Mystery, Mystery Thriller, Humor, Contemporary",325,111,,3176,87657,4.17,66023
Automatic Noodle,2025-08-05,Annalee Newitz,"Science Fiction, Fiction, Audiobook, Novella, Cozy, Fantasy, Dystopia",163,112,,1234,45454,3.73,20126
Deep Cuts,2025-02-25,Holly Brickley,"Fiction, Romance, Contemporary, Literary Fiction, Audiobook, Music, Historical Fiction",277,113,English,3144,138081,3.62,38776
"Phantom (Cat and Mouse, #0)",2025-01-04,H.D. Carlton,"Dark Romance, Romance, Dark, Audiobook, Smut, Spicy, Historical",326,114,English,14301,88247,3.91,57441
"A Curse Carved in Bone (Saga of the Unfated, #2)",2025-05-13,Danielle L. Jensen,"Fantasy, Romantasy, Romance, Audiobook, Mythology, Fantasy Romance, Fiction",403,115,,5726,130646,3.91,67300
Sounds Like Love,2025-06-17,Ashley Poston,"Romance, Magical Realism, Audiobook, Contemporary, Fiction, Contemporary Romance, Adult",384,116,,2802,130099,3.86,61040
The Inheritance,2025-01-21,Trisha Sakhlecha,"Mystery, Thriller, Mystery Thriller, Fiction, Audiobook, Suspense, Adult",352,117,English,825,59713,3.66,14429
Homeseeking,2025-01-07,Karissa Chen,"Historical Fiction, Fiction, Romance, Historical, Audiobook, China, Literary Fiction",512,118,English,2885,149100,4.2,25999
A Fate Forged in Fire,2025-05-27,Hazel McBride,"Fantasy, Romantasy, Dragons, Romance, Fantasy Romance, Enemies To Lovers, Adult",416,119,English,664,110005,3.7,5673
When the Wolf Comes Home,2025-04-22,Nat Cassidy,"Horror, Thriller, Fiction, Audiobook, Fantasy, Paranormal, Adult",304,119,English,2708,81978,4.09,29899
Old Soul,2025-01-28,Susan Barker,"Horror, Fiction, Thriller, Mystery, Audiobook, Mystery Thriller, Fantasy",291,121,English,435,31677,3.77,4622
The Lamb,2025-02-04,Lucy Rose,"Horror, Fiction, Queer, LGBT, Gothic, Audiobook, Lesbian",336,121,English,3520,142115,3.77,38051
"The Raven Scholar (Eternal Path Trilogy, #1)",2025-04-15,Antonia Hodgson,"Fantasy, Mystery, Fiction, Dark Academia, Adult, Audiobook, High Fantasy",656,121,English,6604,192354,4.42,41075
Big Dumb Eyes: Stories from a Simpler Mind,2025-05-06,Nate Bargatze,"Audiobook, Nonfiction, Humor, Memoir, Biography, Comedy, Biography Memoir",240,124,,3233,32278,3.68,33308
Shadow Ticket,2025-10-07,Thomas Pynchon,"Fiction, Historical Fiction, Mystery, Novels, Literary Fiction, Literature, Historical",293,124,English,2711,18002,3.49,5774
"Return to Sender (Walt Longmire, #21)",2025-05-27,Craig Johnson,"Mystery, Westerns, Fiction, Audiobook, Crime, Mystery Thriller, Thriller",336,124,English,891,5331,4.22,7240
The Pretender,2025-04-22,Jo Harkin,"Historical Fiction, Fiction, Historical, Literary Fiction, Audiobook, British Literature, Adult",496,127,English,1238,46717,3.95,4752
"The Frozen People (Ali Dawson, #1)",2025-07-08,Elly Griffiths,"Mystery, Time Travel, Fiction, Historical Fiction, Crime, Fantasy, Science Fiction",352,127,,1686,24084,3.92,13659
The Expert of Subtle Revisions,2025-03-18,Kirsten Menger-Anderson,"Historical Fiction, Fiction, Time Travel, Mystery, Science Fiction, Fantasy, Historical",256,129,English,108,11879,3.72,980
"The Undercutting of Rosie and Adam (Hart and Mercy, #3)",2025-07-08,Megan Bannen,"Fantasy, Romance, Audiobook, Romantasy, Dragons, Fantasy Romance, Fiction",385,130,,211,14157,4.05,5419
"Bonded in Death (In Death, #60)",2025-02-04,J.D. Robb,"Mystery, Romance, Fiction, Audiobook, Thriller, Crime, Futuristic",359,130,English,3405,14638,4.59,22633
The Dream Hotel,2025-03-04,Laila Lalami,"Science Fiction, Fiction, Dystopia, Audiobook, Book Club, Fantasy, Literary Fiction",336,132,English,3897,128493,3.6,39046
What Happened to the McCrays?,2025-01-14,Tracey Lange,"Fiction, Audiobook, Contemporary, Romance, Literary Fiction, Family, Family Drama",352,132,English,1368,73143,4.01,25332
All the Water in the World,2025-01-07,Eiren Caffall,"Fiction, Science Fiction, Dystopia, Audiobook, Post Apocalyptic, Thriller, Adult",295,132,,1241,85121,3.58,10725
"The Martian Contingency (Lady Astronaut Universe, #4)",2025-03-18,Mary Robinette Kowal,"Science Fiction, Fiction, Historical Fiction, Alternate History, Space, Audiobook, Science Fiction Fantasy",384,132,English,271,6633,4.09,2953
Love Forms,2025-06-19,Claire Adam,"Fiction, Literary Fiction, Contemporary, Audiobook, Family, Historical Fiction, Adoption",288,132,,346,12962,3.62,3731
Harriet Tubman: Live in Concert,2025-03-25,Bob the Drag Queen,"Fiction, Audiobook, Historical Fiction, LGBT, Queer, Fantasy, Magical Realism",233,137,English,1072,27937,3.98,16266
"Unloved (The Undone, #2)",2025-02-04,Peyton Corinne,"Romance, Sports Romance, Hockey, Friends To Lovers, Sports, Hockey Romance, Contemporary Romance",449,138,English,1862,54306,4.06,33067
Universality,2025-03-04,Natasha Brown,"Fiction, Literary Fiction, Contemporary, Mystery, Audiobook, Thriller, Novella",152,138,,651,31337,3.25,9398
"Framed in Death (In Death, #61)",2025-09-02,J.D. Robb,"Mystery, Romance, Audiobook, Fiction, Thriller, Crime, Futuristic",368,138,English,3868,23807,4.47,18159
Wearing the Lion,2025-06-17,John Wiswell,"Fantasy, Mythology, Fiction, Retellings, Greek Mythology, Historical Fiction, Adult",376,141,,122,17439,3.65,1221
"Adrift in Currents Clean and Clear (Wayward Children, #10)",2025-01-07,Seanan McGuire,"Fantasy, Young Adult, Novella, Audiobook, Fiction, Adult, Urban Fantasy",160,141,,200,11245,4.01,9437
"The Kiss Bet, Vol. 1",2025-02-25,Ingrid Ochoa,"Graphic Novels, Romance, Young Adult, Manga, Comics, Contemporary, Fiction",288,143,English,22,3731,4.16,903
Sharp Force,2025-10-07,Patricia Cornwell,"Mystery, Fiction, Thriller, Audiobook, Mystery Thriller, Crime, Suspense",381,144,English,2068,22155,4.1,11506
Cinder House,2025-10-07,Freya Marske,"Fantasy, Romance, Retellings, Novella, Queer, LGBT, Audiobook",144,145,English,233,27669,3.77,6138
"The Ladies Road Guide to Utter Ruin (The Ill-Mannered Ladies, #2)",2025-04-30,Alison Goodman,"Historical Fiction, Mystery, Romance, Historical, Fiction, Audiobook, Regency",460,145,,570,19559,4.18,6536
"Kills Well with Others (Killers of a Certain Age, #2)",2025-03-04,Deanna Raybourn,"Mystery, Fiction, Thriller, Audiobook, Mystery Thriller, Suspense, Adult",356,147,English,1488,39950,3.92,20480
"The Perfect Divorce (Perfect, #2)",2025-04-15,Jeneva Rose,"Thriller, Audiobook, Mystery, Mystery Thriller, Fiction, Suspense, Book Club",288,148,English,,276258,,270733
The Thrashers,2025-05-06,Julie Soto,"Thriller, Young Adult, Mystery, Audiobook, Mystery Thriller, Fiction, Romance",352,148,English,849,62913,4.02,15542
The Library at Hellebore,2025-07-22,Cassandra Khaw,"Horror, Fantasy, Dark Academia, Audiobook, Fiction, Queer, Adult",288,148,English,789,33031,3.1,6128
"The Geographer's Map to Romance (Love's Academic, #2)",2025-04-08,India Holton,"Romance, Fantasy, Historical Fiction, Historical Romance, Historical, Audiobook, Fiction",327,151,,518,32318,3.92,8421
"Among the Burning Flowers (The Roots of Chaos, #0.2)",2025-09-16,Samantha Shannon,"Fantasy, Dragons, Fiction, Lesbian, Adult, Queer, LGBT",288,152,English,1469,69534,4.1,12322
This American Woman: A One-in-a-Billion Memoir,2025-04-29,Zarna Garg,"Memoir, Nonfiction, Audiobook, Humor, Biography, Book Club, India",320,152,English,996,19215,4.35,14071
"The Irresistible Urge to Fall For Your Enemy (Dearly Beloathed, #1)",2025-07-08,Brigitte Knightley,"Fantasy, Romance, Romantasy, Enemies To Lovers, Audiobook, Fantasy Romance, Fiction",416,154,,6307,174285,3.78,55046
Copper Script,2025-05-29,K.J. Charles,"Romance, Historical, Mystery, Historical Fiction, LGBT, Queer, M M Romance",255,154,English,264,3832,4.08,4004
"Feral, Vol. 2: Cat Lady",2025-03-12,Tony Fleecs,"Horror, Graphic Novels, Comics, Animals, Graphic Novels Comics, Cats, Fiction",136,156,English,17,151,4.04,412
All the Missing Pieces,2025-01-07,Catherine Cowles,"Romance, Romantic Suspense, Mystery, Audiobook, Enemies To Lovers, Suspense, Contemporary Romance",373,156,English,4747,67324,4.2,54851
The South,2025-02-13,Tash Aw,"Fiction, LGBT, Literary Fiction, Queer, Historical Fiction, Romance, Audiobook",282,158,English,470,18005,3.62,4314
Don't Let Him In,2025-06-24,Lisa Jewell,"Thriller, Audiobook, Mystery, Mystery Thriller, Fiction, Suspense, Book Club",361,159,English,17037,327854,3.76,203966
Fishflies,2025-03-18,Jeff Lemire,"Comics, Graphic Novels, Horror, Fantasy, Fiction, Graphic Novels Comics, Mystery",408,160,English,11,315,3.91,580
"What Stalks the Deep (Sworn Soldier, #3)",2025-09-30,T. Kingfisher,"Horror, Fantasy, Novella, Fiction, Audiobook, Gothic, Historical Fiction",179,161,English,696,28341,4.06,16359
"That Devil, Ambition",2025-06-03,Linsey Miller,"Fantasy, Dark Academia, Young Adult, Horror, Audiobook, Young Adult Fantasy, Contemporary",416,162,,28,8726,3.59,370
"Apostle's Cove (Cork O'Connor, #20)",2025-09-02,William Kent Krueger,"Mystery, Fiction, Audiobook, Thriller, Mystery Thriller, Crime, Native American",336,163,,1285,12679,4.15,12224
"The Children of Eve (Charlie Parker, #22)",2025-05-06,John Connolly,"Thriller, Horror, Crime, Fiction, Mystery, Audiobook, Supernatural",464,164,,888,8035,4.09,3949
Mỹ Documents,2025-04-08,Kevin Nguyen,"Fiction, Historical Fiction, Dystopia, Literary Fiction, Science Fiction, Audiobook, Historical",352,165,,218,18661,3.91,1998
We Pretty Pieces of Flesh,2025-02-20,Colwill Brown,"Fiction, Historical Fiction, Literary Fiction, Coming Of Age, Contemporary, Friendship, British Literature",336,166,,255,18306,4.21,1272
The Fisherman's Gift,2025-03-18,Julia R. Kelly,"Historical Fiction, Fiction, Scotland, Mystery, Historical, Romance, Audiobook",368,166,English,262,17500,4.1,2682
The Staircase in the Woods,2025-04-29,Chuck Wendig,"Horror, Thriller, Fiction, Mystery, Audiobook, Fantasy, Paranormal",388,166,,1780,74841,3.56,21038
"Slap Shot (D.C. Stars, #3)",2025-02-14,Chelsea Curto,"Romance, Sports Romance, Hockey, Sports, Hockey Romance, Friends To Lovers, Forced Proximity",530,166,English,6632,42663,,60644
Hot Air,2025-03-18,Marcy Dermansky,"Fiction, Literary Fiction, Contemporary, Audiobook, Romance, Humor, Book Club",208,170,English,233,12805,3.19,2878
What Kind of Paradise,2025-06-03,Janelle Brown,"Fiction, Historical Fiction, Audiobook, Mystery, Book Club, Thriller, Mystery Thriller",368,170,,4012,127061,4.14,62443
"I Got Abducted by Aliens and Now I'm Trapped in a Rom-Com (Cosmic Chaos, #1)",2025-02-18,Kimberly Lemming,"Romance, Fantasy, Science Fiction, Audiobook, Aliens, Fiction, Adult",287,170,,1006,25909,3.59,11801
Faithbreaker,2025-04-01,Hannah Kaner,"Fantasy, Fiction, Audiobook, Adult, LGBT, Queer, Mythology",400,170,,1079,21049,4.08,9339
Three Days in June,2025-02-11,Anne Tyler,"Fiction, Audiobook, Contemporary, Romance, Literary Fiction, Family, Book Club",165,170,English,7574,193581,3.59,112214
Hungerstone,2025-02-06,Kat Dunn,"Horror, Vampires, Gothic, Fantasy, Historical Fiction, LGBT, Queer",336,175,English,2603,149790,3.92,32450
Gifted & Talented,2025-04-01,Olivie Blake,"Fantasy, Fiction, Contemporary, Adult, Audiobook, Magical Realism, Science Fiction",512,175,English,1551,63635,3.52,11602
"Brighter than Scale, Swifter than Flame",2025-05-06,Neon Yang,"Fantasy, Queer, Dragons, LGBT, Novella, Romance, Lesbian",167,175,English,214,29107,3.57,6177
Slayers of Old,2025-10-21,Jim C. Hines,"Fantasy, Urban Fantasy, Horror, Fiction, Mystery, Humor, Adult",363,178,English,133,10269,4.2,1075
The Isle in the Silver Sea,2025-10-21,Tasha Suri,"Fantasy, Romance, Lesbian, Queer, LGBT, Romantasy, Adult",496,179,English,962,49637,3.79,4309
Vantage Point,2025-01-14,Sara Sligar,"Fiction, Thriller, Mystery, Mystery Thriller, Audiobook, Horror, Gothic",400,180,English,332,18768,3.54,3723
"Finlay Donovan Digs Her Own Grave (Finlay Donovan, #5)",2025-03-04,Elle Cosimano,"Mystery, Audiobook, Fiction, Mystery Thriller, Cozy Mystery, Humor, Romance",309,180,,1302,40713,4.06,41404
Our Infinite Fates,2025-02-27,Laura Steven,"Fantasy, Romance, Young Adult, Romantasy, Fiction, Audiobook, Fantasy Romance",352,180,English,4682,180421,3.65,65760
The Stolen Queen,2025-01-07,Fiona Davis,"Historical Fiction, Fiction, Mystery, Audiobook, Historical, Book Club, Egypt",352,180,English,4485,151927,3.9,60771
"Wild Card (Rose Hill, #4)",2025-09-09,Elsie Silver,"Romance, Small Town Romance, Contemporary Romance, Forced Proximity, Contemporary, Audiobook, Slow Burn",464,180,,15976,162826,4.1,169808
Minor Arcana Vol. 1,2025-03-25,Jeff Lemire,"Comics, Graphic Novels, Fantasy, Graphic Novels Comics, Mystery, Horror, Fiction",144,180,,12,372,3.89,626
My Name Is Emilia del Valle,2025-05-06,Isabel Allende,"Historical Fiction, Fiction, Historical, Audiobook, Magical Realism, Fantasy, Romance",287,186,English,4155,60240,3.82,27890
The Seasons #1,2025-01-29,Rick Remender,"Comics, Comic Book, Fantasy, Graphic Novels",46,186,English,8,79,4.13,127
Tell Me What You Did,2025-01-28,Carter Wilson,"Thriller, Mystery, Mystery Thriller, Audiobook, Fiction, Suspense, Book Club",420,186,English,5317,193053,3.72,75749
"The Next One Is for You: A True Story of Guns, Country, and the IRA’s Secret American Army",2025-03-11,Ali Watkins,"History, Nonfiction, Ireland, True Crime, Audiobook, Politics, American History",336,189,,73,1276,4.09,432
"The Medusa Protocol (Assassins Anonymous, #2)",2025-06-24,Rob Hart,"Thriller, Fiction, Mystery, Mystery Thriller, Suspense, Crime, Audiobook",320,189,English,123,9248,4.09,2206
Mark Twain,2025-05-13,Ron Chernow,"Biography, Nonfiction, History, Biography Memoir, Audiobook, American History, Memoir",1200,191,,5205,44432,4.19,6447
"Exit Strategy (Jack Reacher, #30)",2025-11-04,Lee Child,"Thriller, Fiction, Mystery, Crime, Mystery Thriller, Audiobook, Action",304,191,English,6257,16974,3.75,23166
"Saga, Volume 12",2025-04-30,Brian K. Vaughan,"Graphic Novels, Comics, Fantasy, Science Fiction, Fiction, Adult, Graphic Novels Comics",160,191,,113,4535,4.1,4953
Daedalus Is Dead,2025-09-30,Seamus Sullivan,"Fantasy, Mythology, Retellings, Novella, Fiction, Adult, Audiobook",164,194,English,32,7403,3.81,520
The Autumn Springs Retirement Home Massacre,2025-09-30,Philip Fracassi,"Horror, Mystery, Thriller, Fiction, Audiobook, Mystery Thriller, Adult",416,194,English,469,18824,4.04,6028
Tough Luck,2025-04-29,Sandra Dallas,"Historical Fiction, Westerns, Fiction, Historical, Audiobook, Adventure, Coming Of Age",288,196,English,261,12508,3.88,2488
"Spiral (Off the Ice, #2)",2025-01-28,Bal Khabra,"Romance, Sports Romance, Hockey, Sports, Fake Dating, Hockey Romance, Contemporary",367,196,,2269,106062,3.81,51984
"We Are All Guilty Here (North Falls, #1)",2025-08-12,Karin Slaughter,"Thriller, Mystery, Audiobook, Mystery Thriller, Fiction, Crime, Suspense",439,196,,17281,226811,4.21,134175
"Never Flinch (Holly Gibney, #4)",2025-05-27,Stephen King,"Horror, Thriller, Fiction, Mystery, Audiobook, Crime, Mystery Thriller",448,196,English,11696,93468,3.82,68267
The Seasons #2,2025-02-26,Rick Remender,Comics,32,200,,2,14,4.17,72
Murder at Gulls Nest (Nora Breen Investigates #1),2025-03-11,Jess Kidd,"Mystery, Historical Fiction, Fiction, Cozy Mystery, Audiobook, Mystery Thriller, Cozy",336,201,,846,37782,3.75,9512
After Life,2025-01-07,Gayle Forman,"Young Adult, Fiction, Contemporary, Fantasy, Audiobook, Death, Family",272,202,,548,15768,3.61,5581
Book of Cutter #1,2025-01-29,James Tynion IV,"Horror, Comics, Graphic Novels, Fantasy, Graphic Novels Comics",96,202,English,14,104,3.86,194
Count My Lies,2025-03-04,Sophie Stava,"Thriller, Mystery, Audiobook, Mystery Thriller, Fiction, Book Club, Suspense",336,202,English,4436,164565,3.72,83449
King of Ashes,2025-06-10,S.A. Cosby,"Thriller, Fiction, Mystery, Audiobook, Mystery Thriller, Crime, Suspense",333,202,English,7040,143572,3.99,66487
Last Twilight in Paris,2025-02-04,Pam Jenoff,"Historical Fiction, Fiction, Mystery, World War II, Audiobook, Historical, Romance",336,202,English,4278,86210,3.96,28817
"Maggie; or, A Man and a Woman Walk Into a Bar",2025-07-22,Katie Yee,"Fiction, Contemporary, Audiobook, Literary Fiction, Humor, Adult Fiction, Adult",200,207,English,1177,47787,3.35,15496
Far and Away,2025-06-10,Amy Poeppel,"Fiction, Audiobook, Romance, Contemporary, Chick Lit, Travel, Humor",388,208,,810,24186,3.97,7958
Other People’s Fun,2025-11-04,Harriet Lane,"Fiction, Contemporary, Literary Fiction, Social Media, Audiobook, Adult Fiction, Thriller",208,209,,212,5756,3.17,608
"The Enchanted Greenhouse (Spellshop, #2)",2025-07-15,Sarah Beth Durst,"Fantasy, Romance, Cozy, Cozy Fantasy, Audiobook, Fiction, Romantasy",374,209,,3730,85052,4.12,41911
A Granite Silence,2025-04-10,Nina Allan,"Historical Fiction, Fiction, Historical, Mystery, Crime",352,211,English,7,291,4.11,62
The Three Lives of Cate Kay,2025-01-07,Kate Fagan,"Fiction, Audiobook, LGBT, Contemporary, Book Club, Romance, Mystery",294,211,English,10350,145487,3.74,100315
"Head Cases (Head Cases, #1)",2025-01-28,John McMahon,"Mystery, Thriller, Mystery Thriller, Fiction, Audiobook, Crime, Suspense",341,211,English,973,65335,,14190
Let the Bad Times Roll,2025-07-10,Alice Slater,"Thriller, Mystery, Fiction, Mystery Thriller, Contemporary, British Literature, Adult Fiction",336,214,English,57,1911,3.7,824
Victorian Psycho,2025-01-09,Virginia Feito,"Horror, Historical Fiction, Fiction, Gothic, Audiobook, Historical, Thriller",208,214,,2284,85758,3.54,44516
A Killing Cold,2025-02-04,Kate Alice Marshall,"Thriller, Mystery, Mystery Thriller, Audiobook, Fiction, Suspense, Adult",291,216,English,3124,119100,3.76,65276
Isola,2025-02-04,Allegra Goodman,"Historical Fiction, Fiction, Audiobook, Book Club, Historical, Literary Fiction, France",346,217,English,11401,192676,,98083
"The Beasts We Bury (The Broken Citadel, #1)",2025-02-04,D.L. Taylor,"Fantasy, Romance, Young Adult, Romantasy, Audiobook, Fiction, Magic",368,217,English,183,55006,3.72,1948
When the Tides Held the Moon,2025-04-29,Venessa Vida Kelley,"Fantasy, Romance, Historical Fiction, LGBT, Queer, Historical, Romantasy",464,219,English,1566,90885,4.17,10943
This Book Will Bury Me,2025-03-25,Ashley Winstead,"Thriller, Mystery, Mystery Thriller, Fiction, Audiobook, Crime, Adult",480,220,English,2081,113214,3.63,27623
All the Other Mothers Hate Me,2025-03-11,Sarah Harman,"Mystery, Fiction, Audiobook, Thriller, Mystery Thriller, Book Club, Adult",384,220,English,2396,74483,3.5,35589
"Death Row (Alibis Collection, #1)",2025-06-01,Freida McFadden,"Thriller, Mystery, Short Stories, Fiction, Mystery Thriller, Audiobook, Novella",74,222,English,34949,120995,3.53,220230
A Sea of Unspoken Things,2025-01-07,Adrienne Young,"Mystery, Fantasy, Fiction, Magical Realism, Mystery Thriller, Thriller, Audiobook",288,223,English,1164,117032,3.67,27715
"Fight (Sky Ridge Hotshots, #1)",,Sloane St. James,,,223,,,,3.81,42172
The Sirens,2025-02-13,Emilia Hart,"Fantasy, Historical Fiction, Fiction, Magical Realism, Audiobook, Mystery, Historical",337,225,English,5796,175877,3.72,59497
"Careless People: A Cautionary Tale of Power, Greed, and Lost Idealism",2025-03-11,Sarah Wynn-Williams,"Nonfiction, Memoir, Audiobook, Business, Politics, Biography, Technology",382,226,,20445,173046,4.13,111708
"The Devils (The Devils, #1)",2025-05-06,Joe Abercrombie,"Fantasy, Horror, Fiction, Audiobook, Dark Fantasy, Historical Fiction, Adult",565,227,,14528,187210,4.22,63282
A Harvest of Hearts,2025-03-04,Andrea Eames,"Fantasy, Romance, Romantasy, Magic, Fiction, Audiobook, Young Adult",437,227,English,1406,74224,3.59,8063
"Alchemy of Secrets (Alchemy of Secrets, #1)",2025-10-07,Stephanie Garber,"Fantasy, Romance, Romantasy, Fiction, Mystery, Adult, Dark Academia",324,229,,3916,188899,3.86,56382
Aftertaste,2025-05-20,Daria Lavelle,"Fantasy, Fiction, Magical Realism, Audiobook, Romance, Paranormal, Horror",400,230,,1802,83455,3.89,17591
"The Woman in Suite 11 (Lo Blacklock, #2)",2025-07-08,Ruth Ware,"Mystery, Thriller, Audiobook, Mystery Thriller, Fiction, Suspense, Crime",387,231,,6944,98794,3.55,63326
Black Woods Blue Sky,2025-02-04,Eowyn Ivey,"Fantasy, Fiction, Magical Realism, Romance, Literary Fiction, Audiobook, Retellings",306,232,,1398,73202,3.72,22189
Wild Reverence,2025-09-02,Rebecca Ross,"Fantasy, Romantasy, Romance, Audiobook, Fiction, Fantasy Romance, Young Adult",527,232,,11915,237961,4.32,53883
You Are Fatally Invited,2025-02-11,Ande Pliego,"Mystery, Thriller, Mystery Thriller, Fiction, Audiobook, Adult, Suspense",371,234,English,1328,100451,3.56,18833
The Bewitching,2025-07-15,Silvia Moreno-Garcia,"Horror, Fantasy, Historical Fiction, Fiction, Gothic, Witches, Audiobook",357,234,,3646,162791,3.81,40353
It's a Love Story,2025-05-27,Annabel Monaghan,"Romance, Audiobook, Fiction, Summer, Contemporary, Contemporary Romance, Summer Reads",368,236,,4908,136328,3.85,85490
Stag Dance,2025-03-11,Torrey Peters,"Short Stories, Fiction, Queer, LGBT, Horror, Contemporary, Literary Fiction",288,236,English,1244,43349,3.86,10299
"Glorious Rivals (The Grandest Game, #2)",2025-07-29,Jennifer Lynn Barnes,"Mystery, Young Adult, Romance, Fiction, Mystery Thriller, Thriller, Audiobook",432,236,English,2749,56709,4.07,27636
Nine-Tenths,2025-06-30,J.M. Frey,"Fantasy, Dragons, Romance, M M Romance, Paranormal, Contemporary, LGBT",470,236,,24,584,4.29,178
A Girl Within a Girl Within a Girl,2025-03-04,Nanda Reddy,"Fiction, Historical Fiction, Audiobook, Literary Fiction, Contemporary, Book Club, Family",384,236,English,178,21963,4.28,1714
Lessons in Magic and Disaster,2025-08-19,Charlie Jane Anders,"Fantasy, Fiction, Queer, Witches, LGBT, Dark Academia, Magic",320,236,English,225,15746,3.67,993
Fake Skating,2025-09-30,Lynn Painter,"Romance, Young Adult, Sports Romance, Fake Dating, Sports, Contemporary, Friends To Lovers",448,236,English,6138,132520,4.25,82168
Coffin Moon,2025-09-09,Keith Rosson,"Horror, Vampires, Fiction, Historical Fiction, Thriller, Audiobook, Historical",320,236,English,1003,44259,4.1,8773
"Born Equal: Remaking America’s Constitution, 1840–1920",2025-09-16,Akhil Reed Amar,"History, Nonfiction, American History, Law, Politics, History and Politics",736,236,English,74,704,4.33,79
"Tears of the Wolf (Wrath and Weeping, #1)",2025-02-21,Elisabeth Wheatley,"Fantasy, Romance, Romantasy, Fantasy Romance, Fiction, Historical, Magic",316,236,English,331,8401,4.29,4050
The Corruption of Hollis Brown,2025-04-22,K. Ancrum,"Horror, Young Adult, Romance, Fantasy, LGBT, Queer, Paranormal",380,236,English,117,12509,4.23,2276
Bog Queen,2025-10-14,Anna North,"Historical Fiction, Fiction, Mystery, Historical, Horror, Audiobook, Mystery Thriller",288,236,English,773,29807,3.61,5616
The Everlasting,2025-10-28,Alix E. Harrow,"Fantasy, Romance, Romantasy, Fiction, Time Travel, Audiobook, Historical Fiction",320,236,English,7922,187868,4.25,39739
Are You Mad at Me?,2025-08-05,Meg Josephson,"Nonfiction, Self Help, Psychology, Audiobook, Mental Health, Personal Development, Relationships",304,236,English,4283,72972,4.39,9368
"Separation of Church and Hate: A Sane Person's Guide to Taking Back the Bible from Fundamentalists, Fascists, and Flock-Fleecing Frauds",2025-09-09,John Fugelsang,"Nonfiction, Religion, Politics, Audiobook, History, Humor, Faith",288,236,,5169,30081,4.45,10195
Vaim,2025-09-05,Jon Fosse,"Fiction, Literature, Audiobook, Literary Fiction, Novella, Scandinavian Literature, Novels",120,236,,139,2998,4.01,1859
The Loneliness of Sonia and Sunny,2025-09-23,Kiran Desai,"Fiction, India, Literary Fiction, Historical Fiction, Romance, Audiobook, Book Club",670,236,,16368,103572,3.78,23693
Mad Mabel,2025-10-01,Sally Hepworth,"Mystery, Thriller, Fiction, Audiobook, Mystery Thriller, Book Club, Crime",352,236,English,3428,65346,4.39,27810
"The Marriage Method (The Crinoline Academy, #2)",2025-11-25,Mimi Matthews,"Romance, Historical Romance, Historical Fiction, Mystery, Historical, Fiction, Marriage Of Convenience",380,236,English,171,19979,4.18,2528
Who Is Government? The Untold Story of Public Service,2025-03-18,Michael Lewis,"Nonfiction, Politics, History, Audiobook, Essays, Government, Biography",272,255,,2895,27719,4.18,14523
The Incandescent,2025-05-13,Emily Tesh,"Fantasy, Dark Academia, Queer, LGBT, Fiction, Lesbian, Audiobook",432,255,English,927,62463,3.95,10913
Food Person,2025-05-20,Adam D. Roberts,"Fiction, Food, Contemporary, Humor, Adult, Adult Fiction, Cookbooks",320,255,English,221,21461,3.63,3813
107 Days,2025-09-23,Kamala Harris,"Nonfiction, Audiobook, Memoir, Politics, History, Biography, Biography Memoir",320,255,,11975,54480,4.29,55313
"Slayers, Every One of Us: How One Girl in All the World Showed Us How to Hold On",2025-04-08,Kristin Russo,"Nonfiction, Audiobook, Memoir, LGBT, Queer, Vampires, Pop Culture",256,255,,68,12894,4.08,1373
TERF Island: How the UK Resisted Trans Ideology,2025-07-01,Fiona McAnena,"Nonfiction, Politics, Gender, Feminism",300,255,English,11,178,3.84,44
Last Rites,2025-10-07,Ozzy Osbourne,"Nonfiction, Music, Biography, Memoir, Audiobook, Autobiography, Biography Memoir",368,255,,1242,9207,4.46,6973
Cannon,2025-09-09,Lee Lai,"Graphic Novels, Comics, Fiction, Queer, LGBT, Friendship, Graphic Novels Comics",304,255,English,25,1879,4.43,768
"Tourist Season (The Seasons of Carnage Trilogy, #1)",2025-09-23,Brynne Weaver,"Romance, Dark Romance, Audiobook, Enemies To Lovers, Thriller, Dark, Contemporary",400,255,,6526,142253,4.16,81861
"Rules for Ruin (The Crinoline Academy, #1)",2025-05-20,Mimi Matthews,"Romance, Historical Fiction, Historical Romance, Historical, Fiction, Fantasy, Audiobook",400,255,English,556,28516,3.97,5510
The Cartoonists Club,2025-04-01,Raina Telgemeier,"Graphic Novels, Middle Grade, Comics, Fiction, Childrens, Art, Realistic Fiction",280,265,English,412,8691,3.66,6862
The Works of Vermin,2025-10-14,Hiron Ennes,"Fantasy, Horror, Fiction, Queer, LGBT, Adult, Science Fiction",425,265,English,288,14414,4.26,1208
Full Bloom,2025-08-05,Francesca Serritella,"Fiction, Mystery, Magical Realism, Contemporary, Romance, Audiobook, Literary Fiction",416,265,English,124,19606,3.7,1599
The Loneliness of Sonia and Sunny,2025-09-23,Kiran Desai,"Fiction, India, Literary Fiction, Historical Fiction, Romance, Audiobook, Book Club",671,265,,16368,103572,3.78,23693
"Red Tempest Brother (The Winter Sea, #3)",2025-07-08,H.M. Long,"Fantasy, Pirates, Audiobook, Adult, Romance, Science Fiction Fantasy, Fantasy Romance",409,265,English,60,1899,3.97,534
"Marble Hall Murders (Susan Ryeland, #3)",2025-05-13,Anthony Horowitz,"Mystery, Fiction, Audiobook, Crime, Mystery Thriller, Thriller, British Literature",579,265,English,3169,29505,4.26,29235
Night Watcher,2025-07-08,Daphne Woolsoncroft,"Thriller, Horror, Mystery, Mystery Thriller, Audiobook, Fiction, Adult",336,265,English,826,41456,3.71,11604
"Tongues, Vol. 1",2025-03-11,Anders Nilsen,"Graphic Novels, Comics, Fantasy, Fiction, Mythology, Graphic Novels Comics, Adult",368,265,,113,4810,4.25,730
"Green-Eyed Monster (Court of Chains, #3)",2025-06-17,Rawnie Sabor,"Lesbian, Fantasy, Romance, Enemies To Lovers, Paranormal, LGBT, Queer",573,265,,205,1230,4.6,1236
Flashlight,2025-06-03,Susan Choi,"Fiction, Historical Fiction, Literary Fiction, Mystery, Audiobook, Japan, Book Club",464,265,,5332,84835,3.93,17214
The Governess and the Rogue,2025-08-05,Mimi Matthews,"Romance, Historical Romance, Historical Fiction, Historical, Victorian, Fiction, Audiobook",272,265,,94,861,4.2,1320
Speaking in Tongues,2025-05-06,J.M. Coetzee,"Nonfiction, Language, Linguistics, Literature, Essays, Audiobook, Writing",144,276,,65,3078,3.71,227
The Queens of Crime,2025-02-11,Marie Benedict,"Historical Fiction, Mystery, Fiction, Audiobook, Historical, Book Club, Mystery Thriller",310,276,English,4401,87253,3.81,24265
"38 Londres Street: On Impunity, Pinochet in England and a Nazi in Patagonia",2025-01-01,Philippe Sands,"History, Nonfiction, Politics, Law, Biography, World War II, Audiobook",480,276,,577,6056,4.2,1721
"The Adventure of the Demonic Ox (Penric and Desdemona, #14)",2025-07-10,Lois McMaster Bujold,"Fantasy, Novella, Audiobook, Fiction, Adventure, Science Fiction Fantasy, Magic",133,276,,209,525,4.37,2289
"Just a Bit Guarded (Straight Guys, #15)",2025-03-28,Alessandra Hazard,"M M Romance, Romance, Contemporary, LGBT, Gay For You, Forced Proximity, Enemies To Lovers",257,276,,446,2249,3.73,3458
"Our Dollar, Your Problem: An Insider's View of Seven Turbulent Decades of Global Finance, and the Road Ahead",2025-05-06,Kenneth Rogoff,"Economics, Finance, Nonfiction, History, Business, Politics, Money",360,276,,630,4048,4.17,860
Witch Hazel: Variety Hour,2025-08-20,Colton Fox,"Comics, Fantasy, Graphic Novels Comics",48,276,English,,16,3.86,36
And the River Drags Her Down,2025-10-07,Jihyun Yun,"Horror, Fantasy, Young Adult, Mystery, Thriller, Paranormal, Fiction",390,276,English,213,14663,4.12,1419
Nobody's Girl,2025-10-21,Virginia Roberts Giuffre,"Nonfiction, Memoir, Audiobook, True Crime, Biography, Biography Memoir, Crime",384,276,,26223,109541,4.54,76360
Tantrum,2025-08-05,Rachel Eve Moulton,"Horror, Fiction, Audiobook, Adult, Thriller, Contemporary, Novella",192,276,English,124,27249,3.53,4333
"The Black Wolf (Chief Inspector Armand Gamache, #20)",2025-10-28,Louise Penny,"Mystery, Fiction, Audiobook, Thriller, Mystery Thriller, Canada, Crime",375,276,,6216,23498,4.16,34783
"Hekate - The Witch (Goddesses of the Underworld, #1)",2025-09-16,Nikita Gill,"Fantasy, Mythology, Poetry, Retellings, Greek Mythology, Fiction, Young Adult",376,276,,1206,67974,4.12,9625
The True True Story of Raja the Gullible,2025-09-02,Rabih Alameddine,"Fiction, LGBT, Literary Fiction, Audiobook, Historical Fiction, Queer, Book Club",336,276,English,1534,28709,4.07,8252
Play Nice,2025-09-09,Rachel Harrison,"Horror, Audiobook, Fiction, Paranormal, Thriller, Mystery, Gothic",336,276,,2142,114313,3.89,52282
"Savage (Park Avenue Kings, #1)",2025-01-24,Brooke Blaine,"M M Romance, Romance, Contemporary, Crime, Forced Proximity, Dark Romance, LGBT",322,290,English,652,1878,4.09,2757
"The Night Eaters, Vol. 3: Their Kingdom Come",,Marjorie M. Liu,"Graphic Novels, Horror, Comics, Fantasy, Fiction, Graphic Novels Comics, Supernatural",320,290,,36,778,4.25,636
"A Mouthful of Dust (The Singing Hills Cycle, #6)",2025-10-07,Nghi Vo,"Fantasy, Novella, Audiobook, Fiction, Horror, Queer, LGBT",112,290,English,58,3321,4.18,2843
"Spark the Flames (Secret of the Syphon, #1)",2025-03-21,Ivy Asher,"Fantasy, Romantasy, Dragons, Romance, Enemies To Lovers, Fantasy Romance, Magic",,290,,1640,20355,4.42,7082
The Unmapping,2025-06-03,Denise S. Robbins,"Science Fiction, Fiction, Dystopia, Fantasy, Audiobook, Adult, Speculative Fiction",408,290,English,114,12185,3.17,852
Kill Your Boss,2025-11-04,Jack Heath,"Audiobook, Mystery, Fiction, Crime, Australia, Thriller, Suspense",349,290,English,112,618,3.66,2083
"Silver and Lead (October Daye, #19)",2025-09-30,Seanan McGuire,"Urban Fantasy, Fantasy, Fae, Magic, Fiction, Paranormal, Adult",389,290,,531,1167,4.33,2031
No More Tears: The Dark Secrets of Johnson & Johnson,2025-04-08,Gardiner Harris,"Nonfiction, Audiobook, History, Business, Science, True Crime, Politics",464,290,English,4514,73801,4.18,17682
Our Last Wild Days,2025-04-24,Anna Bailey,"Thriller, Mystery, Fiction, Mystery Thriller, Suspense, Audiobook, Gothic",320,298,,160,19969,3.73,1925
"Calling Chaos (Demon Bound, #3)",2025-03-28,Grae Bryan,"M M Romance, Paranormal, Romance, Fantasy, Demons, Paranormal Romance, Magic",248,298,English,308,711,4.12,2681
Air-Borne: The Hidden History of the Life We Breathe,2025-02-25,Carl Zimmer,"Science, Nonfiction, History, Biology, Health, Audiobook, Medicine",496,298,,273,7084,4.08,859
Girl Dinner,2025-10-21,Olivie Blake,"Horror, Fiction, Dark Academia, Thriller, Audiobook, Adult, Contemporary",368,298,,1807,77855,3.4,14041
Electric Cowboy,2025-10-15,Ansel Kite,"Comics, Graphic Novels, Manga, Science Fiction",48,298,,,37,3.66,47
Apple in China: The Capture of the World's Greatest Company,2025-01-01,Patrick McGee,"Business, Nonfiction, China, Technology, Economics, Politics, History",448,298,,2801,17381,4.49,7833
Grace & Henry's Holiday Movie Marathon,2025-10-14,Matthew Norman,"Christmas, Romance, Holiday, Audiobook, Fiction, Contemporary, Grief",337,298,,843,47630,4.27,26991
The Catch,2025-06-03,Yrsa Daley-Ward,"Fiction, Literary Fiction, Audiobook, Mystery, Family, Mystery Thriller, Novels",352,298,,813,10708,3.25,2010
"Oathbound (The Legendborn Cycle, #3)",2025-03-04,Tracy Deonn,"Fantasy, Young Adult, Romance, Fiction, Audiobook, Young Adult Fantasy, Urban Fantasy",656,306,English,3396,81547,4.23,29287
The Starving Saints,2025-05-20,Caitlin Starling,"Horror, Fantasy, Historical Fiction, Fiction, Queer, LGBT, Historical",352,306,English,4296,85926,3.61,16595
10 Ways to Accidentally Fall in Love,2025-02-20,Emmy Sanders,"M M Romance, Friends To Lovers, Romance, Contemporary, LGBT, Humor, Audiobook",327,306,,1047,4770,4.17,9329
Pronoun Trouble: The Story of Us in Seven Little Words,2025-04-01,John McWhorter,"Nonfiction, Language, History, Linguistics, Audiobook, Politics, Writing",240,306,English,234,1747,3.82,845
Minor Black Figures,2025-10-07,Brandon Taylor,"Fiction, Literary Fiction, LGBT, Contemporary, Art, Queer, Gay",320,306,English,345,13351,3.9,1385
A Guardian and a Thief,2025-10-14,Megha Majumdar,"Fiction, India, Literary Fiction, Audiobook, Dystopia, Book Club, Science Fiction",224,306,,3435,95502,3.8,22873
Through an Open Window,2025-08-19,Pamela Terry,"Fiction, Fantasy, Magical Realism, Chick Lit, Audiobook, Contemporary, Womens Fiction",352,306,English,52,5385,4.13,271
"The Raven Scholar (Eternal Path Trilogy, #1)",2025-04-15,Antonia Hodgson,"Fantasy, Mystery, Fiction, Dark Academia, Adult, Audiobook, High Fantasy",643,306,English,6604,192354,4.42,41077
See How They Fall,2025-04-29,Rachel Paris,"Mystery, Thriller, Audiobook, Fiction, Mystery Thriller, Suspense, Book Club",336,306,English,521,23900,4.04,3275
The Magician of Tiger Castle,2025-08-05,Louis Sachar,"Fantasy, Fiction, Historical Fiction, Adult, Audiobook, Cozy, Romance",306,306,English,768,43902,3.54,7771
Snotgirl Volume 4: Make It Make Sense!,2025-07-08,Bryan Lee O'Malley,"Graphic Novels, Comics, Fiction, Graphic Novels Comics, Queer, Mystery, Adult",144,306,,17,359,4.04,403
Will There Ever Be Another You,2025-09-23,Patricia Lockwood,"Fiction, Contemporary, Literary Fiction, Audiobook, Book Club, Mental Health, Literature",248,306,English,648,17647,3.01,2328
The Family Recipe,2025-04-01,Carolyn Huynh,"Fiction, Contemporary, Family, Audiobook, Food, Family Drama, Adult Fiction",317,318,,175,23967,3.57,2709
The Sideways Life of Denny Voss,2025-04-08,Holly Kennedy,"Fiction, Mystery, Book Club, Audiobook, Contemporary, Coming Of Age, Disability",330,318,English,3375,18673,4.58,12812
Textbook Defense (Hockey Ever After #5),2025-02-04,Ashlyn Kane,"Hockey, Sports, Romance, M M Romance, Sports Romance, Contemporary, LGBT",304,318,English,291,1196,3.84,1250
Dark Renaissance: The Dangerous Times and Fatal Genius of Shakespeare's Greatest Rival,2025-09-09,Stephen Greenblatt,"History, Nonfiction, Biography, Shakespeare, Audiobook, Biography Memoir, British Literature",334,318,,568,13739,3.99,1372
Your Friend and Mine,2025-07-01,Jessica Dettmann,"Audiobook, Fiction, Humor, Contemporary, Friendship, Book Club, London",324,318,,132,1952,3.7,1486
"One Day, Everyone Will Have Always Been Against This",2025-02-25,Omar El Akkad,"Nonfiction, Politics, History, Audiobook, Memoir, Social Justice, War",208,318,English,8397,207585,4.59,52421
"Isabella Nagg and the Pot of Basil (Household Gramarye, #1)",2025-05-13,Oliver Darkshire,"Fantasy, Fiction, Cozy, Cozy Fantasy, Humor, Audiobook, Magic",256,324,English,393,19152,3.62,2755
Close Your Eyes and Count to 10,2025-02-25,Lisa Unger,"Thriller, Mystery, Audiobook, Mystery Thriller, Fiction, Suspense, Adult",380,324,English,1916,88599,3.17,19966
"Lore Olympus: Volume Eight (Lore Olympus, #8)",2025-05-06,Rachel Smythe,"Graphic Novels, Fantasy, Romance, Mythology, Comics, Retellings, Fiction",416,324,English,174,7492,4.56,11601
What Is Free Speech?: The History of a Dangerous Idea,2025-03-27,Fara Dabhoiwala,"History, Politics, Nonfiction, Philosophy, Audiobook, Sociology",469,324,English,49,1169,3.81,96
Audition for the Fox,2025-09-16,Martin Cahill,"Fantasy, Fiction, Novella, Audiobook, Mythology, Adult, Young Adult",192,328,English,185,19050,3.82,2779
"Story of My Life (Story Lake, #1)",2025-03-11,Lucy Score,"Romance, Contemporary, Contemporary Romance, Fiction, Small Town Romance, Audiobook, Rom Com",512,328,,29787,113286,4.17,120926
The Bachelorette Party,2025-06-10,Camilla Sten,"Thriller, Mystery, Mystery Thriller, Fiction, Audiobook, Suspense, Adult",304,328,English,340,74039,3.26,6894
A Resistance of Witches,2025-07-15,Morgan Ryan,"Fantasy, Historical Fiction, Fiction, Witches, Audiobook, Historical, Magic",416,328,English,1004,92841,4.09,16103
"Remember When: Clarissa's Story (Ravenswood, #4)",2025-01-07,Mary Balogh,"Romance, Historical Romance, Historical, Historical Fiction, Fiction, Regency, Audiobook",368,328,,410,9241,,2601
Blob: A Love Story,2025-01-28,Maggie Su,"Fiction, Fantasy, Romance, Audiobook, Magical Realism, Contemporary, Literary Fiction",256,328,English,565,37085,3.28,13241
FCBD 2025: Conan the Barbarian: Scourge of the Serpent,2025-05-07,Jim Zub,"Comics, Fantasy, Comic Book, Sword and Sorcery, Fiction, Graphic Novels",30,334,,22,29,3.96,138
"Picks and Shovels (Martin Hench, #3)",2025-02-18,Cory Doctorow,"Fiction, Science Fiction, Mystery, Thriller, Audiobook, Technology, Historical Fiction",400,334,English,161,1384,4.11,1486
Equality: What It Means and Why It Matters,2025-01-21,Thomas Piketty,"Philosophy, Politics, Nonfiction, Economics, History, Sociology, Society",128,334,English,201,9423,3.88,1295
The Payback,2025-07-15,Kashana Cauley,"Fiction, Contemporary, Audiobook, Thriller, Humor, Literary Fiction, Crime",256,334,English,155,18598,3.39,1480
The Rest of Our Lives,2025-03-25,Benjamin Markovits,"Fiction, Literary Fiction, Audiobook, Contemporary, Book Club, Family, Road Trip",256,334,English,2370,37482,3.3,15076
A Song for You & I,2025-03-04,K. O'Neill,"Graphic Novels, Fantasy, Middle Grade, LGBT, Queer, Comics, Young Adult",240,339,,60,6927,4.21,3187
"The Summer Guests (The Martini Club, #2)",2025-03-18,Tess Gerritsen,"Mystery, Thriller, Fiction, Mystery Thriller, Audiobook, Suspense, Crime",363,339,English,8719,22271,4.3,43576
"When Everyone Knows That Everyone Knows...: Common Knowledge and the Mysteries of Money, Power, and Everyday Life",2025-09-23,Steven Pinker,"Nonfiction, Psychology, Science, Audiobook, Philosophy, Sociology, History",384,339,,1175,11694,3.56,1592
Little Movements,2025-09-09,Lauren Morrow,"Fiction, Literary Fiction, Contemporary, Audiobook, Dark Academia, Race, Politics",256,339,English,76,10974,3.73,661
"Installment Immortality (InCryptid, #14)",2025-03-11,Seanan McGuire,"Fantasy, Urban Fantasy, Paranormal, Ghosts, Fiction, Adult, Horror",432,339,English,380,666,4.21,1098
"Good Spirits (Ghosted, #1)",2025-10-21,B.K. Borison,"Romance, Christmas, Holiday, Fantasy, Audiobook, Paranormal, Fiction",384,339,,7330,140174,3.98,134595
Kirby's Lessons for Falling [in Love],2025-03-04,Laura Gao,"Graphic Novels, Romance, Young Adult, LGBT, Queer, Contemporary, Comics",304,345,English,25,6430,3.47,687
The Conditions of Will,2025-04-01,Jessa Hastings,"Romance, Fiction, Contemporary, Book Club, Contemporary Romance, Audiobook, Fantasy",464,345,English,8750,117587,4.28,92701
Snake-Eater,2025-11-11,T. Kingfisher,"Fantasy, Horror, Fiction, Urban Fantasy, Mystery, Paranormal, Adult",208,345,English,3571,34670,4.26,14611
"A Conventional Boy (Laundry Files, #13; New Management, #4)",2025-01-07,Charles Stross,"Fantasy, Horror, Science Fiction, Urban Fantasy, Fiction, Audiobook, Humor",384,345,English,243,642,4.16,1278
Covenant (The Firm #1),2025-05-23,Cora Rose,"M M Romance, Enemies To Lovers, Romance, Forced Proximity, Second Chance, Contemporary, Friends To Lovers",356,345,English,847,3027,4.22,5177
Between Two Rivers: Ancient Mesopotamia and the Birth of History,2025-02-20,Moudhy Al-Rashid,"History, Nonfiction, Ancient History, Middle East, Audiobook, Historical, Ancient",336,345,,438,12548,3.91,1287
"Rage (Kate Burkholder, #17)",2025-07-08,Linda Castillo,"Mystery, Thriller, Fiction, Audiobook, Suspense, Amish, Mystery Thriller",304,345,English,,12142,4.21,10126
The Seven O'Clock Club,2025-04-15,Amelia Ireland,"Fiction, Magical Realism, Audiobook, Contemporary, Romance, Fantasy, Book Club",368,352,English,763,46162,3.8,8692
"Wings of Starlight (Wings of Pixie Hollow, #1)",2025-02-04,Allison Saft,"Fantasy, Romance, Young Adult, Romantasy, Retellings, Fae, Fiction",400,352,,7599,111140,4.16,42123
"Nobody’s Fool (Detective Sami Kierce, #2)",2025-03-25,Harlan Coben,"Mystery, Thriller, Fiction, Mystery Thriller, Audiobook, Crime, Suspense",341,352,,5407,65946,4.2,41155
"Breath of the Dragon (Breathmarked, #1)",2025-01-07,Shannon Lee,"Fantasy, Young Adult, Dragons, Young Adult Fantasy, Fiction, Audiobook, High Fantasy",341,352,English,369,42371,3.94,3700
Propaganda Girls: The Secret War of the Women in the OSS,2025-03-04,Lisa Rogak,"Nonfiction, History, Audiobook, World War II, Feminism, Biography, War",225,352,,662,40336,3.8,4622
12 Ways to Kill Your Family at Christmas,2025-10-09,Natasha Bache,"Christmas, Mystery, Holiday, Fiction, Thriller, Audiobook, Book Club",354,352,English,547,4916,3.77,4223
Breakneck: China's Quest to Engineer the Future,2025-08-26,Dan Wang,"China, Nonfiction, Politics, Economics, History, Business, Technology",288,352,,2546,21288,4.14,7601
Hidden Nature,2025-05-27,Nora Roberts,"Romance, Mystery, Romantic Suspense, Thriller, Fiction, Audiobook, Suspense",687,352,English,5655,47181,4.12,38729
The Seasons #3,2025-03-26,Rick Remender,Comics,24,360,English,3,12,4.12,64
The Ghostwriter,2025-06-03,Julie Clark,"Thriller, Mystery, Mystery Thriller, Fiction, Book Club, Horror, Suspense",328,360,English,,199254,4.05,77089
The History of Everything,2025-02-18,Victoria Evans,"Graphic Novels, Young Adult, Contemporary, Comics, Romance, Friendship, Fiction",240,360,English,61,5282,3.88,1172
The Women on Platform Two,2025-03-11,Laura Anthony,"Historical Fiction, Fiction, Audiobook, Book Club, Ireland, Historical, Feminism",336,360,English,1692,83530,4.42,22314
How to Be Enough: Self-Acceptance for Self-Critics and Perfectionists,2025-01-07,Ellen Hendriksen,"Self Help, Nonfiction, Psychology, Mental Health, Health, Audiobook, Personal Development",320,360,,471,13463,4.06,1168
Testimony of Mute Things (Penric and Desdemona #15),2025-10-23,Lois McMaster Bujold,"Fantasy, Novella, Mystery, Audiobook, Fiction, Short Stories, Magic",151,360,English,208,497,4.49,1902
Feral #9,2025-01-15,Tony Fleecs,"Comics, Horror, Graphic Novels",30,366,,18,29,4.22,93
"The World's Greatest Detective and Her Just Okay Assistant (Merritt & Blunt Mysteries, #1)",2025-07-08,Liza Tully,"Mystery, Fiction, Audiobook, Cozy Mystery, Mystery Thriller, Adult, Cozy",391,366,,312,29286,3.59,3671
The Jackal's Mistress,2025-03-11,Chris Bohjalian,"Historical Fiction, Fiction, Civil War, Romance, Historical, Audiobook, War",320,368,,1825,38453,4.09,17659
Pariah,2025-07-22,Dan Fesperman,"Thriller, Fiction, Espionage, Mystery Thriller, Mystery, Humor, Politics",368,368,English,257,4943,3.75,910
1929: Inside the Greatest Crash in Wall Street History--and How It Shattered a Nation,2025-10-14,Andrew Ross Sorkin,"History, Nonfiction, Economics, Business, Finance, Politics, Audiobook",592,368,,11748,63197,4.23,19830
Blind Date with a Werewolf,2025-10-21,Patricia Briggs,"Fantasy, Urban Fantasy, Paranormal, Romance, Audiobook, Werewolves, Paranormal Romance",271,368,English,559,16696,4.52,6405
Class Clown: The Memoirs of a Professional Wiseass—How I Went 77 Years Without Growing Up,2025-05-13,Dave Barry,"Humor, Memoir, Nonfiction, Biography, Audiobook, Biography Memoir, Comedy",244,372,,659,6277,4.19,3919
Feral #10,2025-02-12,Tony Fleecs,"Comics, Horror, Graphic Novels",31,372,,8,26,4.13,85
Huda F Wants to Know?,2025-04-01,Huda Fahmy,"Graphic Novels, Young Adult, Mental Health, Fiction, Humor, Comics, Family",224,372,English,32,3113,4.27,1595
One Good Thing,2025-03-04,Georgia Hunter,"Historical Fiction, Fiction, World War II, Italy, Historical, Audiobook, War",,372,,1304,60375,4.27,13002
Open Socrates: The Case for a Philosophical Life,2025-01-14,Agnes Callard,"Philosophy, Nonfiction, History, Biography, Self Help, Audiobook, Sociology",416,372,English,602,7350,3.9,728
Sugar Shack,2025-08-05,Lucy Knisley,"Graphic Novels, Middle Grade, Fiction, Comics, Family, Childrens, Food",240,372,English,201,503,4.15,853
Fantastic Lou: Little Comics from Real Life,2025-01-28,Qin Leng,"Comics, Graphic Novels, Graphic Novels Comics, Family, Graphic Novels Manga, Canada, Humor",95,378,English,,36,3.34,67
Harlem Rhapsody,2025-02-04,Victoria Christopher Murray,"Historical Fiction, Fiction, Historical, Audiobook, African American, Romance, Book Club",400,378,English,1284,39581,4.07,9057
The Last Days of Budapest: The Destruction of Europe’s Most Cosmopolitan Capital in World War II,2025-04-22,Adam LeBor,"History, Nonfiction, World War II, Hungary, War, Holocaust, European History",512,378,,189,1485,4.11,275
Direct Descendant,2025-04-01,Tanya Huff,"Horror, Fantasy, Romance, Cozy, LGBT, Queer, Urban Fantasy",336,378,English,133,12472,3.73,1351
The Day the Books Disappeared,2025-07-15,Joanna Ho,"Picture Books, Childrens, Books About Books, Fiction, School, Friendship, Humor",40,378,English,5,412,3.95,678
Murder Takes a Vacation,2025-06-17,Laura Lippman,"Mystery, Fiction, Audiobook, Cozy Mystery, Mystery Thriller, Cozy, Thriller",272,378,English,1582,38489,3.51,15548
The Peculiar Gift of July,2025-07-01,Ashley Ream,"Fiction, Magical Realism, Fantasy, Audiobook, Cozy, Book Club, Adult",416,384,English,320,12247,4.05,2255
"Rapport: Friendship, Solidarity, Communion, Empathy (The Murderbot Diaries, #2.5)",2025-07-11,Martha Wells,"Science Fiction, Short Stories, Fiction, Novella, Ebooks, Space, Adult",34,384,English,1208,6567,4.16,9902
"An Enemy in the Village (Bruno, Chief of Police #18)",2025-06-05,Martin Walker,"Mystery, Fiction, France, Crime, Audiobook, Detective, Police",320,384,,470,639,4.06,3449
"Spells, Strings, and Forgotten Things (Sisters of Light and Shadow, #1)",2025-03-04,Breanne Randall,"Fantasy, Romance, Witches, Romantasy, Paranormal, Fiction, Magic",386,387,English,599,74323,3.5,4104
Shark Girl,2025-02-25,Kate Beaton,"Picture Books, Fantasy, Childrens, Fiction, Animals, Canada, Conservation",48,387,English,,230,3.81,518
"The Party's Interests Come First: The Life of Xi Zhongxun, Father of Xi Jinping",2025-06-03,Joseph Torigian,"China, History, Biography, Politics, Nonfiction, Asia, Philosophy",718,387,,101,1988,4.34,116
Didn't You Use to Be Queenie B?,2025-04-15,Terri-Lynne DeFino,"Fiction, Food, Contemporary, Friendship, Audiobook, Adult Fiction, Addiction",332,387,,30,2574,3.96,615
After Hours at Dooryard Books,2025-11-18,Cat Sebastian,"Romance, Historical Fiction, Historical, Queer, LGBT, Historical Romance, Fiction",,387,,237,5658,4.42,2131
Tomlinson's Wake (Doc Ford #28),2025-08-01,Randy Wayne White,"Mystery, Thriller, Crime, Fiction, Adventure, Espionage, Humor",336,387,English,538,308,3.81,1676
All of Us Murderers,2025-10-07,K.J. Charles,"Mystery, Romance, Historical Fiction, Historical, Gothic, LGBT, Queer",352,387,English,554,38973,3.79,6854
The Seasons #4,2025-04-30,Rick Remender,Comics,31,394,,2,8,4.07,55
Listen to Your Sister,2025-02-04,Neena Viel,"Horror, Thriller, Fiction, Audiobook, Mystery, Adult, Mystery Thriller",352,394,English,563,73351,3.13,7021
Run for the Hills,2025-05-13,Kevin Wilson,"Fiction, Audiobook, Contemporary, Humor, Family, Road Trip, Literary Fiction",244,394,English,1356,49254,3.81,32209
The Salvage,2025-10-07,Anbara Salam,"Horror, Historical Fiction, Fiction, Gothic, Queer, LGBT, Historical",384,394,English,99,16608,3.5,685
House of Huawei: The Secret History of China's Most Powerful Company,2025-01-14,Eva Dou,"China, Business, Nonfiction, History, Technology, Politics, Economics",448,394,English,775,10017,3.89,2226
"The Hallmarked Man (Cormoran Strike, #8)",2025-09-02,Robert Galbraith,"Mystery, Fiction, Crime, Audiobook, Thriller, Mystery Thriller, Detective",912,394,English,8919,23682,4.21,62951
"The Seasons, Vol. 1",2025-06-18,Rick Remender,"Comics, Graphic Novels, Fantasy, Horror, Graphic Novels Comics, Fiction, Mystery",136,400,English,10,175,3.65,276
Welcome to Murder Week,2025-06-10,Karen Dukess,"Mystery, Fiction, Cozy Mystery, Audiobook, Mystery Thriller, Cozy, Romance",304,400,English,566,49676,3.63,9439
Sunny Figures It Out: A Graphic Novel (Sunny #6) (6),2025-07-01,Jennifer L. Holm,"Graphic Novels, Middle Grade, Historical Fiction, Fiction, Realistic Fiction, Juvenile, Young Adult",224,400,,159,417,4.24,907
The Doorman,2025-05-20,Chris Pavone,"Fiction, Thriller, Mystery, Audiobook, Mystery Thriller, Crime, New York",388,400,English,3295,26872,3.89,12922
"The Seven Rings (The Lost Bride Trilogy, #3)",2025-11-18,Nora Roberts,"Romance, Fantasy, Paranormal, Audiobook, Mystery, Fiction, Contemporary",454,400,English,5290,26698,4.25,31182
"Let's Make a Scene (Theo & Cynthie, #2)",2025-07-01,Laura Wood,"Romance, Contemporary, Contemporary Romance, Enemies To Lovers, Audiobook, Second Chance, Fake Dating",352,400,English,373,18415,4.03,5972
"King of Kings: The Iranian Revolution—A Story of Hubris, Delusion and Catastrophic Miscalculation",2025-08-05,Scott Anderson,"History, Nonfiction, Politics, Middle East, Iran, Audiobook, American History",481,400,,1361,17707,4.42,2754
What Hunger,2025-08-12,Catherine Dang,"Horror, Fiction, Contemporary, Adult, Literary Fiction, Thriller, Audiobook",288,407,English,262,55132,3.71,4367
Famous Last Words,2025-02-25,Gillian McAllister,"Thriller, Mystery, Mystery Thriller, Fiction, Audiobook, Suspense, Book Club",336,407,English,10054,227993,3.74,137692
My Best Friend's Honeymoon,2025-04-29,Meryl Wilsner,"Romance, LGBT, Queer, Lesbian, Audiobook, Contemporary, Fiction",304,407,English,764,68445,3.22,8782
Free Piano [Not Haunted],2025-07-01,Whitney Gardner,"Graphic Novels, Middle Grade, Music, Horror, Fiction, Ghosts, Comics",256,407,,49,1120,3.55,1045
Fable for the End of the World,2025-03-04,Ava Reid,"Fantasy, Dystopia, Romance, Young Adult, Lesbian, LGBT, Queer",384,407,,691,60203,3.67,13140
25 Alive (Women’s Murder Club #25),2025-04-28,James Patterson,"Mystery, Fiction, Audiobook, Thriller, Crime, Mystery Thriller, Suspense",336,407,English,4700,6382,4.16,29118
Isn't It Obvious?,2025-10-21,Rachel Runya Katz,"Romance, Contemporary, Contemporary Romance, Fiction, LGBT, Adult, Queer",312,407,English,99,21536,3.88,1359
Mexico: A 500-Year History,2025-11-18,Paul Gillingham,"History, Nonfiction, World History, Latin American",752,407,English,286,2575,4.06,164
Raised By Ghosts,2025-02-04,Briana Loewinsohn,"Graphic Novels, Comics, Young Adult, Graphic Novels Comics, Coming Of Age, Fiction, Family",224,415,English,18,994,3.82,867
The AI Con: How to Fight Big Tech’s Hype and Create the Future We Want,2025-05-13,Emily M. Bender,"Nonfiction, Artificial Intelligence, Technology, Science, Politics, Audiobook, Business",288,415,,466,6004,3.72,1432
Ecstasy,2025-06-17,Ivy Pochoda,"Horror, Fiction, Retellings, Mythology, Thriller, Fantasy, Contemporary",224,415,English,96,12757,3.26,1001
"Blood Moon (Blood, #1)",2025-03-04,Sandra Brown,"Thriller, Mystery, Romantic Suspense, Romance, Suspense, Fiction, Audiobook",448,415,English,5279,48804,4.15,20190
"Rose in Chains (The Evermore Trilogy, #1)",2025-07-08,Julie Soto,"Fantasy, Romantasy, Romance, Enemies To Lovers, Fantasy Romance, Audiobook, Dark Romance",464,415,,5167,168128,4.16,73962
"We Will Rise Again: Speculative Stories and Essays on Protest, Resistance, and Hope",2025-12-02,Karen Lord,"Short Stories, Nonfiction, Anthologies, Essays, Speculative Fiction, Adult, Politics",384,415,,76,5369,4.1,157
The True Happiness Company: How a Girl Like Me Falls for a Cult Like That,2025-05-20,Veena Dinavahi,"Nonfiction, Memoir, Audiobook, Cults, Religion, Mental Health, Biography",320,421,,216,17491,4.05,2538
The Secret Romantic's Book of Magic,2025-06-24,Marie O'Regan,"Fantasy, Romance, Short Stories, Romantasy, Anthologies, Adult, Audiobook",384,421,,191,3896,3.38,675
Red Rabbit Ghost,2025-07-22,Jen Julian,"Horror, Fiction, LGBT, Mystery, Queer, Fantasy, Audiobook",384,421,English,93,9552,3.26,470
"Battle Mountain (Joe Pickett, #25)",2025-02-25,C.J. Box,"Mystery, Fiction, Thriller, Crime, Westerns, Mystery Thriller, Audiobook",358,421,English,2182,2659,4.42,21643
Why Nothing Works: Who Killed Progress―and How to Bring It Back,2025-02-18,Marc J. Dunkelman,"Nonfiction, Politics, History, Economics, Business, Political Science, Audiobook",416,421,,632,7888,3.82,1274
"Brigands & Breadknives (Legends & Lattes, #2)",2025-11-11,Travis Baldree,"Fantasy, Audiobook, Cozy, Fiction, Cozy Fantasy, Adult, Romance",336,421,,3266,72084,4.08,25694
The Nice House by the Sea Vol. 1,2025-06-10,James Tynion IV,"Comics, Graphic Novels, Horror, Science Fiction, Bande Dessinée, Fiction, Adult",168,427,,69,683,4.12,1119
"Hardly a Gentleman (Accidental Brides, #2)",2025-04-29,Eloisa James,"Historical Romance, Romance, Historical, Historical Fiction, Audiobook, Regency, Fiction",384,427,English,565,7351,4.08,2999
A Town with Half the Lights On,2025-04-22,Page Getz,"Fiction, Audiobook, Contemporary, Food, Adult Fiction, Humor, Drama",384,427,English,259,11355,,1398
The Macabre,2025-09-09,Kosoko Jackson,"Horror, Fantasy, Queer, Fiction, LGBT, Adult, Mystery",390,427,English,214,16069,3.43,1263
"Cold as Hell (Haven's Rock, #3)",2025-02-18,Kelley Armstrong,"Mystery, Thriller, Audiobook, Fiction, Mystery Thriller, Suspense, Contemporary",341,427,English,347,11793,4.23,6130
Snake-Eater,2025-11-11,T. Kingfisher,"Fantasy, Horror, Fiction, Urban Fantasy, Mystery, Paranormal, Adult",267,427,English,3571,34670,4.26,14611
"The Kiss Bet Volume Two: A WEBTOON Unscrolled Graphic Novel (The Kiss Bet, #2)",2025-08-05,Ingrid Ochoa,"Graphic Novels, Romance, Young Adult, Manga, Comics, Contemporary, Fiction",288,433,,9,190,4.36,360
Jane and Dan at the End of the World,2025-03-11,Colleen Oakley,"Fiction, Romance, Audiobook, Mystery, Humor, Contemporary, Thriller",368,433,,536,41718,3.67,12734
"Kiss Her Goodbye (Frankie Elkin, #4)",2025-08-12,Lisa Gardner,"Mystery, Thriller, Fiction, Mystery Thriller, Suspense, Audiobook, Crime",416,433,English,1690,51579,3.91,11124
She's a Lamb!,2025-04-08,Meredith Hambrock,"Horror, Fiction, Audiobook, Contemporary, Thriller, Literary Fiction, Adult",312,433,,270,17447,3.83,3921
Lethal Prey (Lucas Davenport #35; Virgil Flowers #16),2025-03-25,John Sandford,"Mystery, Thriller, Fiction, Crime, Mystery Thriller, Audiobook, Suspense",391,433,English,2566,2329,4.21,20608
Heart Marks the Spot,2025-07-22,Libby Hubscher,"Romance, Contemporary, Adventure, Fiction, Audiobook, Contemporary Romance, Second Chance",,433,English,53,12086,3.56,605
Silenced Voices: Reclaiming Memories from the Guatemalan Genocide,2025-09-02,Pablo Leon,"Graphic Novels, Historical Fiction, Young Adult, Historical, Fiction, Comics, Indigenous",240,433,,17,3249,4.42,437
"The God and the Gwisin (Fate's Thread, #2)",2025-06-03,Sophie Kim,"Fantasy, Romance, Mythology, Romantasy, Adult, Mystery, Fantasy Romance",416,440,English,223,13796,4.2,3481
"Fence, Vol. 7: Challengers",2025-07-29,C.S. Pacat,"Graphic Novels, Young Adult, LGBT, Contemporary, Sports, Comics, Romance",112,440,English,11,748,4.29,701
"Shattering Dawn (The Lost Night Files, #3)",2025-01-07,Jayne Ann Krentz,"Romance, Paranormal, Mystery, Romantic Suspense, Audiobook, Contemporary, Suspense",336,440,,551,900,4.16,4284
The Hearth Witch's Guide to Magic & Murder (The Hemlock Saga #1),2025-10-07,Kiri Callaghan,"Fantasy, Mystery, Cozy, Witches, Fiction, Cozy Fantasy, Adult",445,440,English,328,55325,3.99,1609
John Williams: A Composer's Life,2025-09-02,Tim Greiving,"Biography, Music, Nonfiction, Media Tie In, Film, Star Wars, Pop Culture",640,440,English,123,3205,4.37,175
Passion Project,2025-04-08,London Sperry,"Romance, Audiobook, Fiction, Contemporary, Contemporary Romance, Friends To Lovers, Adult",368,445,,1170,67704,3.78,36036
Dead Money,2025-01-28,Jakob Kerr,"Mystery, Thriller, Fiction, Mystery Thriller, Audiobook, Crime, Contemporary",407,445,English,1170,49250,3.96,12095
Hunger's Bite,2025-02-25,Taylor Robin,"Graphic Novels, Horror, Young Adult, Fantasy, Historical Fiction, Comics, Vampires",272,445,English,13,1406,4.25,1126
The Last Wizards' Ball (Gunnie Rose #6),2025-07-22,Charlaine Harris,"Fantasy, Magic, Urban Fantasy, Alternate History, Audiobook, Fiction, Westerns",272,445,English,306,1227,3.96,3042
Ladies in Hating (Belvoir's Library #3),2025-09-23,Alexandra Vasti,"Romance, Historical Fiction, Lesbian, Historical, Historical Romance, LGBT, Queer",345,445,English,661,41139,3.8,4877
Hemlock & Silver,2025-08-19,T. Kingfisher,"Fantasy, Horror, Retellings, Audiobook, Fiction, Romance, Adult",368,445,English,2406,93809,4.03,31472
"The Fallen & the Kiss of Dusk (Crowns of Nyaxia, #4)",2025-08-05,Carissa Broadbent,"Fantasy, Romantasy, Romance, Vampires, Fantasy Romance, Audiobook, Fiction",557,451,English,14233,134085,3.94,52200
The Griffin Sisters' Greatest Hits,2025-04-08,Jennifer Weiner,"Fiction, Audiobook, Historical Fiction, Contemporary, Music, Chick Lit, Adult Fiction",384,451,English,3653,61878,3.83,46191
Strange Bedfellows,2025-03-04,Ariel Slamet Ries,"Graphic Novels, Fantasy, Queer, LGBT, Comics, Science Fiction, Young Adult",288,451,,51,6884,3.99,842
It Takes a Psychic (Harmony #17),2025-06-03,Jayne Castle,"Romance, Paranormal, Fantasy, Mystery, Science Fiction, Paranormal Romance, Suspense",320,451,English,437,481,4.44,3204
Love at First Sighting,2025-08-12,Mallory Marlowe,"Romance, Contemporary, Audiobook, Paranormal, Contemporary Romance, Science Fiction, Fiction",351,451,English,294,24651,3.73,4818
Sundust: (A Caldecott Honor Book),2025-08-05,Zeke Peña,"Picture Books, Nature, Childrens, Fantasy, Latinx, Adventure, Magical Realism",48,451,English,,137,3.73,390
The Strange Case of Jane O.,2025-02-25,Karen Thompson Walker,"Fiction, Mystery, Science Fiction, Audiobook, Thriller, Mystery Thriller, Contemporary",278,457,,429,32951,3.85,10693
The Idaho Four: An American Tragedy,2025-07-14,James Patterson,"True Crime, Nonfiction, Audiobook, Crime, Thriller, Mystery, Book Club",448,457,English,3810,25723,4.16,26150
"Shadow of the Solstice (Leaphorn, Chee & Manuelito, #28)",2025-04-22,Anne Hillerman,"Mystery, Fiction, Native American, Crime, Thriller, Audiobook, Indigenous",480,457,English,856,6541,4.23,5064
Any Trope but You,2025-04-01,Victoria Lavine,"Romance, Audiobook, Contemporary Romance, Contemporary, Fiction, Christmas, Forced Proximity",335,457,,1073,41089,3.76,22041
The Moon Is Following Us Volume 1,2025-05-06,Daniel Warren Johnson,"Comics, Graphic Novels, Fantasy, Comic Book, Science Fiction, Graphic Novels Comics, Fiction",110,461,,10,260,3.96,424
How to Talk to Your Succulent,2025-04-01,Zoe Persico,"Graphic Novels, Middle Grade, Fantasy, Grief, Mental Health, Comics, Family",224,461,,16,2368,4.22,1559
"Evil Bones (Temperance Brennan, #24)",2025-11-18,Kathy Reichs,"Mystery, Crime, Fiction, Thriller, Mystery Thriller, Audiobook, Suspense",288,461,,794,15161,3.79,5436
Earl Crush (Belvoir's Library #2),2025-01-21,Alexandra Vasti,"Romance, Historical Romance, Historical Fiction, Historical, Audiobook, Fiction, Regency",354,461,English,658,28947,3.95,7700
Aunt Tigress,2025-03-18,Emily Yu-Xuan Qin,"Fantasy, Queer, Urban Fantasy, LGBT, Lesbian, Horror, Adult",432,465,English,56,8042,3.76,393
Forget Me Not,2025-08-26,Stacy Willingham,"Thriller, Mystery, Mystery Thriller, Audiobook, Fiction, Suspense, Book Club",325,465,English,3209,166609,3.78,64881
"The Sacrificers, Vol. 3",2025-05-07,Rick Remender,"Comics, Graphic Novels, Fantasy, Graphic Novels Comics, Adult, Dystopia",84,465,English,,72,3.98,180
All Are Welcome (Cat's Café #3),2025-07-29,Gwen Tarpley,"Graphic Novels, Comics, Mental Health, Humor, Fiction, Fantasy, Cozy",160,465,English,52,166,4.52,381
The King's Ransom (Recovery Agent #2),2025-11-11,Janet Evanovich,"Mystery, Fiction, Audiobook, Thriller, Adventure, Humor, Mystery Thriller",352,465,English,2387,18041,,10539
The Holy Roller (Holy Roller #1–9),2025-04-08,Andy Samberg,"Comics, Graphic Novels, Fiction, Superheroes, Humor, Graphic Novels Comics, Sports",280,470,English,10,245,3.58,304
Bound,2025-11-11,Ali Hazelwood,"Audiobook, Romance, Fantasy, Paranormal, Vampires, Romantasy, Paranormal Romance",8,470,English,1314,22129,3.66,31783
Hot for Slayer,2025-09-23,Ali Hazelwood,"Romance, Fantasy, Novella, Paranormal, Vampires, Audiobook, Enemies To Lovers",94,470,English,12364,52695,3.85,117600
Cross My Heart,2025-01-14,Megan Collins,"Thriller, Mystery, Mystery Thriller, Audiobook, Fiction, Adult, Psychological Thriller",309,473,English,1119,60965,3.56,21317
Never Thought I'd End Up Here,2025-05-27,Ann Liang,"Romance, Young Adult, Contemporary, Enemies To Lovers, Fiction, Contemporary Romance, Young Adult Romance",320,473,English,681,32500,4.03,11765
The Summer War,2025-09-16,Naomi Novik,"Fantasy, Novella, Fiction, Audiobook, Magic, Adult, Witches",144,473,English,504,34410,,10792
"Heart Strings (A Love in Galway, #2)",2025-08-12,Ivy Fairbanks,"Romance, Second Chance, Contemporary Romance, Contemporary, Fiction, Second Chance Romance, Ireland",329,473,,281,23900,3.61,3817
"Badlands (Nora Kelly, #5)",2025-06-03,Douglas Preston,"Mystery, Thriller, Fiction, Mystery Thriller, Crime, Suspense, Audiobook",355,473,English,1132,14232,4.24,9906
The In-Between Bookstore,2025-01-14,Edward Underhill,"Fantasy, Fiction, LGBT, Queer, Time Travel, Audiobook, Magical Realism",272,478,English,361,34592,3.55,7079
House of Idyll,2025-09-09,Delilah S. Dawson,"Horror, Cults, Adult, Fiction, Novella, Thriller, Speculative Fiction",256,478,,40,2277,3.68,825
"Can't Get Enough (Skyland, #3)",2025-05-13,Kennedy Ryan,"Romance, Audiobook, Contemporary Romance, Contemporary, Fiction, African American Romance, Adult",441,478,,3110,52897,4.37,35891
"At Midnight Comes the Cry (The Rev. Clare Fergusson & Russ Van Alstyne Mysteries Series, #10)",2025-11-18,Julia Spencer-Fleming,"Mystery, Fiction, Suspense, Thriller, Christmas, Audiobook, Mystery Thriller",320,478,English,352,12108,4.11,1966
Unromance,2025-01-14,Erin Connor,"Romance, Contemporary, Contemporary Romance, Audiobook, Fiction, Adult, Friends To Lovers",12,482,English,512,18353,3.7,7962
"Good Spirits (Ghosted, #1)",2025-10-21,B.K. Borison,"Romance, Christmas, Holiday, Fantasy, Audiobook, Paranormal, Fiction",384,482,English,7330,140174,3.98,134595
"A Slowly Dying Cause (Inspector Lynley, #22)",2025-09-16,Elizabeth George,"Mystery, Crime, Fiction, Audiobook, Thriller, Mystery Thriller, British Literature",656,482,English,2042,6002,4.08,7307
The Hive #1,2025-02-12,A.J. Lieberman,Comics,,485,,3,5,2.92,25
Battle of the Bookstores,2025-06-03,Ali Brady,"Romance, Audiobook, Fiction, Contemporary, Books About Books, Contemporary Romance, Enemies To Lovers",432,485,,1152,75446,3.84,27775
John Candy: A Life in Comedy,2025-10-01,Paul Myers,"Biography, Nonfiction, Canada, Audiobook, Comedy, Film, Media Tie In",367,485,English,198,6605,4.01,1324
Demon Song,2025-09-30,Kelsea Yu,"Horror, Fantasy, Novella, Gothic, Adult, LGBT, Queer",175,488,,18,6938,3.75,351
Saltwater,2025-03-25,Katy Hays,"Mystery, Thriller, Fiction, Mystery Thriller, Audiobook, Summer, Contemporary",336,489,,974,82726,3.55,12435
How About Now: Poems,2025-11-04,Kate Baer,"Poetry, Nonfiction, Feminism, Adult, Book Club, Womens, Audiobook",112,489,,216,12429,4.26,2295
Feral #15,2025-07-23,Tony Fleecs,"Comics, Horror, Graphic Novels",28,491,,9,19,4.3,70
"Death in the Jungle: Murder, Betrayal, and the Lost Dream of Jonestown",2025-04-29,Candace Fleming,"Nonfiction, True Crime, History, Audiobook, Cults, Religion, Crime",346,491,,231,3011,4.31,2187
"The Primal of Blood and Bone (Blood and Ash, #6)",2025-09-23,Jennifer L. Armentrout,"Fantasy, Romantasy, Romance, Fantasy Romance, Audiobook, Fiction, Vampires",1292,493,,18402,204742,3.56,43868
Back After This,2025-02-25,Linda Holmes,"Romance, Fiction, Audiobook, Contemporary, Contemporary Romance, Chick Lit, Adult",320,493,,792,55654,3.71,17211
Feral #14,2025-06-25,Tony Fleecs,"Comics, Horror, Graphic Novels",32,493,English,7,20,4.15,80
"The Gingerbread Bakery (Dream Harbor, #5)",2025-09-16,Laurie Gilmore,"Romance, Christmas, Audiobook, Fiction, Contemporary, Holiday, Contemporary Romance",358,496,,10380,135114,3.92,104454
Feral #13,2025-05-28,Tony Fleecs,"Comics, Horror, Graphic Novels, Graphic Novels Comics",31,496,English,14,23,4.23,79
Beneath the Trees Where Nobody Sees: Rite of Spring #1,2025-07-09,Patrick Horvath,"Horror, Graphic Novels, Comics, Fiction, Graphic Novels Comics, Adult, Mystery",32,498,,37,488,4.44,737
The Phoenix Pencil Company,2025-06-03,Allison King,"Historical Fiction, Fiction, Fantasy, Magical Realism, Audiobook, Book Club, China",362,499,English,2614,56727,3.5,17228
"The Strawberry Patch Pancake House (Dream Harbor, #4)",2025-03-18,Laurie Gilmore,"Romance, Audiobook, Fiction, Contemporary, Contemporary Romance, Cozy, Chick Lit",384,500,,12308,155382,3.9,141067
"A Language of Dragons (A Language of Dragons, #1)",2025-01-02,S.F. Williamson,"Fantasy, Dragons, Young Adult, Historical Fiction, Romance, Romantasy, Dark Academia",432,500,,1885,99386,3.84,20687
Feral #12,2025-04-30,Tony Fleecs,"Comics, Horror, Graphic Novels, Graphic Novels Comics",32,500,,15,20,4.08,87
The Book Club for Troublesome Women,2025-04-22,Marie Bostwick,"Historical Fiction, Book Club, Fiction, Audiobook, Feminism, Historical, Books About Books",372,503,,15932,178058,4.09,92669
The Sacrificers #15,2025-03-19,Rick Remender,Comics,24,503,,,3,4.25,40
The Sacrificers #14,2025-02-05,Rick Remender,Comics,24,505,,5,6,4.31,42
She Didn't See It Coming,2025-07-17,Shari Lapena,"Thriller, Mystery, Audiobook, Mystery Thriller, Fiction, Suspense, Book Club",337,506,English,,141607,3.89,108510
Into the Fall,2025-02-01,Tamara L. Miller,"Thriller, Mystery, Fiction, Mystery Thriller, Suspense, Ebooks, Canada",253,507,English,10580,20043,3.73,27330
Feral #11,2025-03-26,Tony Fleecs,"Comics, Horror, Graphic Novels, Graphic Novels Comics",32,507,,13,23,4.17,93
"Lightfall (The Everlands Trilogy, #1)",2025-01-14,Ed Crocker,"Fantasy, Vampires, Horror, Paranormal, Adult, Mystery, Fiction",368,509,English,229,57725,3.48,1494
The Seasons #6,2025-07-23,Rick Remender,Comics,31,509,English,,7,4.2,41
They Bloom at Night,2025-03-04,Trang Thanh Tran,"Horror, Young Adult, Fantasy, LGBT, Queer, Fiction, Mystery",262,511,English,366,58726,3.47,5324
The Seasons #7,2025-08-20,Rick Remender,Comics,24,511,English,,6,4.1,41
Parents Weekend,2025-05-06,Alex Finlay,"Thriller, Mystery, Mystery Thriller, Audiobook, Fiction, Suspense, Adult",312,513,English,3710,69122,3.54,35387
Something is Killing the Children #42,2025-06-11,James Tynion IV,"Comics, Horror, Comic Book, Graphic Novels",27,513,,3,55,4.19,86
Something is Killing the Children #41,2025-04-30,James Tynion IV,"Comics, Horror, Graphic Novels Comics, Graphic Novels, Fantasy, Monsters, Science Fiction",30,515,,4,24,4.16,152
The Note,2025-01-07,Alafair Burke,"Mystery, Thriller, Fiction, Mystery Thriller, Audiobook, Suspense, Crime",287,516,English,1984,61988,3.43,20281
The Seasons #5,2025-06-25,Rick Remender,Comics,24,516,English,2,6,4.27,52
Summer in the City,2025-03-25,Alex Aster,"Romance, Summer, Audiobook, Contemporary, Summer Reads, Contemporary Romance, Fiction",304,518,English,4074,134905,3.71,94559
"The Blue Horse (Porter Beck, #3)",2025-07-08,Bruce Borgos,"Mystery, Thriller, Fiction, Suspense, Westerns, Crime, Mystery Thriller",368,518,English,61,11651,4.29,830
A Serial Killer's Guide to Marriage,2025-01-14,Asia Mackay,"Thriller, Mystery, Fiction, Audiobook, Mystery Thriller, Romance, Contemporary",352,520,English,827,68679,3.6,12976
Immortal,2025-01-07,Sue Lynn Tan,"Fantasy, Romance, Romantasy, Mythology, Fiction, Young Adult, Audiobook",464,521,English,1648,138177,3.8,16346
Eleven Numbers,2025-02-01,Lee Child,"Thriller, Fiction, Short Stories, Mystery, Espionage, Mystery Thriller, Novella",50,521,,9949,10068,4.07,34994
What Happens in Amsterdam,2025-05-06,Rachel Lynn Solomon,"Romance, Audiobook, Contemporary, Contemporary Romance, Fiction, Second Chance, Adult",384,523,English,968,65242,3.59,18944
With a Vengeance,2025-06-10,Riley Sager,"Thriller, Mystery, Mystery Thriller, Audiobook, Historical Fiction, Fiction, Adult",383,524,English,5169,149599,3.37,66841
The Business Trip,2025-01-14,Jessie Garcia,"Thriller, Audiobook, Mystery, Fiction, Mystery Thriller, Suspense, Book Club",344,525,English,9100,147725,3.62,92526
The Antidote,2025-03-11,Karen Russell,"Historical Fiction, Fiction, Magical Realism, Fantasy, Audiobook, Historical, Literary Fiction",432,525,English,3997,87725,3.89,15352
You Killed Me First,2025-03-11,John Marrs,"Thriller, Mystery, Mystery Thriller, Audiobook, Fiction, Suspense, Book Club",385,527,,21103,151870,3.96,104613
The Amalfi Curse,2025-04-29,Sarah Penner,"Fantasy, Historical Fiction, Fiction, Mystery, Audiobook, Magical Realism, Romance",333,528,English,4534,162858,3.82,48708
Under the Same Stars,2025-02-04,Libba Bray,"Historical Fiction, Young Adult, Fiction, Historical, Audiobook, Mystery, LGBT",471,528,English,1099,73319,4.08,7080
Something in the Walls,2025-02-25,Daisy Pearce,"Horror, Thriller, Fiction, Mystery, Audiobook, Witches, Mystery Thriller",295,530,English,1757,132771,3.31,21070
Such Quiet Girls,2025-04-29,Noelle W. Ihli,"Thriller, Audiobook, Mystery, Mystery Thriller, Fiction, Horror, Suspense",352,530,English,17641,152260,3.87,95131
Strangers in Time,2025-04-15,David Baldacci,"Historical Fiction, Fiction, Mystery, Audiobook, World War II, Historical, Thriller",435,532,English,9845,72697,4.14,50539
She Doesn't Have a Clue,2025-01-21,Jenny Elder Moke,"Romance, Mystery, Cozy Mystery, Audiobook, Mystery Thriller, Contemporary, Adult",325,533,English,210,50620,3.42,4090
"The Charlie Method (Campus Diaries, #3)",2025-02-25,Elle Kennedy,"Romance, Sports Romance, Hockey, Sports, Hockey Romance, Audiobook, College",528,534,English,7298,74457,3.48,75459
The Poppy Fields,2025-06-17,Nikki Erlick,"Fiction, Audiobook, Science Fiction, Fantasy, Magical Realism, Book Club, Contemporary",308,534,English,3158,104721,3.65,39672
No Place Left to Hide,2025-01-07,Megan Lally,"Thriller, Young Adult, Mystery, Audiobook, Mystery Thriller, Fiction, Suspense",259,536,English,1200,51823,3.55,27907
"Brimstone (Fae & Alchemy, #2)",2025-11-18,Callie Hart,"Fantasy, Romantasy, Audiobook, Romance, Fae, Vampires, Fantasy Romance",672,537,English,86979,234068,4.07,288182
Heartwood,2025-04-01,Amity Gaige,"Fiction, Mystery, Audiobook, Thriller, Mystery Thriller, Book Club, Nature",309,538,,7751,142783,3.92,98659
The Memory Collectors,2025-05-20,Dete Meserve,"Science Fiction, Time Travel, Fiction, Mystery, Fantasy, Audiobook, Thriller",336,538,,479,59890,3.92,8380
"Iron & Embers (The Ashes of Thezmarr, #1)",2025-01-28,Helen Scheuerer,"Fantasy, Romantasy, Romance, Fantasy Romance, Audiobook, Enemies To Lovers, Magic",536,540,,6569,75409,4.16,26376
The Story She Left Behind,2025-03-18,Patti Callahan Henry,"Historical Fiction, Fiction, Audiobook, Mystery, Romance, Book Club, Historical",352,541,,2506,78103,4.04,29077
If Tomorrow Never Comes,2025-01-28,Allison Ashley,"Romance, Fiction, Contemporary, Audiobook, Chick Lit, Contemporary Romance, Friends To Lovers",314,542,,4794,34118,3.99,17144
Close Your Eyes,2025-01-01,Teresa Driscoll,"Thriller, Mystery, Mystery Thriller, Fiction, Audiobook, Suspense, Ebooks",330,543,English,9044,18271,4.08,22355
The Original Daughter,2025-05-06,Jemimah Wei,"Fiction, Historical Fiction, Contemporary, Literary Fiction, Asia, Audiobook, Family",368,544,English,727,56840,3.65,6501
The Listeners,2025-06-03,Maggie Stiefvater,"Historical Fiction, Fantasy, Fiction, Historical, Magical Realism, Adult, Audiobook",382,545,English,1884,97173,3.72,15213
The Otherwhere Post,2025-02-25,Emily J. Taylor,"Fantasy, Young Adult, Romance, Mystery, Dark Academia, Fiction, Romantasy",400,545,English,619,70518,3.96,8373
The Starlight Heir (Starkeeper #1),2025-01-07,Amalie Howard,"Fantasy, Romantasy, Romance, Fantasy Romance, Adult, Audiobook, Mythology",368,547,English,1629,78689,3.35,8401
The Eights,2025-04-03,Joanna Miller,"Historical Fiction, Fiction, Historical, Audiobook, Feminism, Book Club, British Literature",384,547,English,1690,65728,3.83,12740
When Devils Sing,2025-05-27,Xan Kaur,"Horror, Young Adult, Mystery, Gothic, Fantasy, Thriller, Fiction",388,549,,323,72161,3.74,3727
The Tell: A Memoir,2025-03-11,Amy Griffin,"Memoir, Nonfiction, Audiobook, Book Club, Biography, Mental Health, Biography Memoir",288,550,,6695,83382,3.94,53484
Retreat,2025-03-25,Krysten Ritter,"Thriller, Mystery, Mystery Thriller, Audiobook, Fiction, Suspense, Adult",272,550,,664,58777,3.69,11989
